-- phpMyAdmin SQL Dump
-- version 5.1.1
-- https://www.phpmyadmin.net/
--
-- Host: 127.0.0.1:3306
-- Generation Time: Apr 20, 2023 at 03:19 AM
-- Server version: 10.5.19-MariaDB-cll-lve
-- PHP Version: 7.2.34

SET SQL_MODE = "NO_AUTO_VALUE_ON_ZERO";
START TRANSACTION;
SET time_zone = "+00:00";


/*!40101 SET @OLD_CHARACTER_SET_CLIENT=@@CHARACTER_SET_CLIENT */;
/*!40101 SET @OLD_CHARACTER_SET_RESULTS=@@CHARACTER_SET_RESULTS */;
/*!40101 SET @OLD_COLLATION_CONNECTION=@@COLLATION_CONNECTION */;
/*!40101 SET NAMES utf8mb4 */;

--
-- Database: `u558169062_futara`
--

-- --------------------------------------------------------

--
-- Table structure for table `abouts`
--

CREATE TABLE `abouts` (
  `id` bigint(20) UNSIGNED NOT NULL,
  `title` varchar(255) NOT NULL,
  `content` longtext NOT NULL,
  `created_at` timestamp NOT NULL DEFAULT current_timestamp() ON UPDATE current_timestamp(),
  `updated_at` timestamp NOT NULL DEFAULT '0000-00-00 00:00:00'
) ENGINE=InnoDB DEFAULT CHARSET=utf8mb4 COLLATE=utf8mb4_unicode_ci;

--
-- Dumping data for table `abouts`
--

INSERT INTO `abouts` (`id`, `title`, `content`, `created_at`, `updated_at`) VALUES
(1, 'قيمنا', 'Lorem ipsum, or lipsum as it is sometimes known, is dummy text used in laying out print, graphic or web designs. The passage is attributed to an unknown typesetter in the 15th century who is thought to have scrambled parts of Cicero\'s De Finibus Bonorum e', '2023-02-27 17:41:08', '0000-00-00 00:00:00'),
(2, 'رؤيتنا', 'Lorem ipsum, or lipsum as it is sometimes known, is dummy text used in laying out print, graphic or web designs. The passage is attributed to an unknown typesetter in the 15th century who is thought to have scrambled parts of Cicero\'s De Finibus Bonorum e', '2023-02-27 17:41:08', '0000-00-00 00:00:00');

-- --------------------------------------------------------

--
-- Table structure for table `articles`
--

CREATE TABLE `articles` (
  `id` bigint(20) UNSIGNED NOT NULL,
  `created_at` timestamp NULL DEFAULT NULL,
  `updated_at` timestamp NULL DEFAULT NULL,
  `title` text NOT NULL,
  `content` text NOT NULL
) ENGINE=InnoDB DEFAULT CHARSET=utf8mb4 COLLATE=utf8mb4_unicode_ci;

-- --------------------------------------------------------

--
-- Table structure for table `attachments`
--

CREATE TABLE `attachments` (
  `id` int(10) UNSIGNED NOT NULL,
  `path` varchar(255) NOT NULL,
  `type` enum('image','video','doc') NOT NULL,
  `usage` varchar(255) DEFAULT NULL,
  `attachmentable_type` varchar(255) NOT NULL,
  `attachmentable_id` int(11) NOT NULL,
  `created_at` timestamp NULL DEFAULT NULL,
  `updated_at` timestamp NULL DEFAULT NULL
) ENGINE=InnoDB DEFAULT CHARSET=utf8mb4 COLLATE=utf8mb4_unicode_ci;

--
-- Dumping data for table `attachments`
--

INSERT INTO `attachments` (`id`, `path`, `type`, `usage`, `attachmentable_type`, `attachmentable_id`, `created_at`, `updated_at`) VALUES
(1, 'uploads/thumbnails/products/2023-02-08/IMG_0012.PNG-_-1675851549.PNG', 'image', 'img', 'App\\Models\\Product', 22, '2023-02-08 11:19:09', '2023-02-08 11:19:09'),
(2, 'uploads/thumbnails/products/2023-02-08/IMG_0012.PNG-_-1675851777.PNG', 'image', 'img', 'App\\Models\\Product', 23, '2023-02-08 11:22:57', '2023-02-08 11:22:57'),
(4, 'uploads/thumbnails/products/2023-02-08/logo.png-_-1675861262.png', 'image', 'img', 'App\\Models\\Product', 26, '2023-02-08 14:01:02', '2023-02-08 14:01:02'),
(14, 'uploads/thumbnails/company/2023-02-13/IMG_0012.PNG-_-1676307027.PNG', 'image', 'img', 'App\\Models\\Company', 1, '2023-02-13 19:50:27', '2023-02-13 19:50:27'),
(16, 'uploads/thumbnails/company/2023-02-13/zoro.jpg-_-1676307069.jpg', 'image', 'img', 'App\\Models\\Company', 7, '2023-02-13 19:51:09', '2023-02-13 19:51:09'),
(18, 'uploads/thumbnails/company/2023-02-13/zoro.jpg-_-1676313204.jpg', 'image', 'img', 'App\\Models\\Company', 8, '2023-02-13 21:33:24', '2023-02-13 21:33:24'),
(19, 'uploads/thumbnails/products/2023-02-14/luffy.webp-_-1676380948.webp', 'image', 'img', 'App\\Models\\Product', 27, '2023-02-14 16:22:28', '2023-02-14 16:22:28'),
(20, 'uploads/thumbnails/products/2023-02-14/hulk.jpg-_-1676384435.jpg', 'image', 'img', 'App\\Models\\Product', 28, '2023-02-14 17:20:35', '2023-02-14 17:20:35'),
(21, 'uploads/thumbnails/products/2023-02-14/hulk.jpg-_-1676384438.jpg', 'image', 'img', 'App\\Models\\Product', 29, '2023-02-14 17:20:38', '2023-02-14 17:20:38'),
(22, 'uploads/thumbnails/products/2023-02-14/hulk.jpg-_-1676384442.jpg', 'image', 'img', 'App\\Models\\Product', 30, '2023-02-14 17:20:42', '2023-02-14 17:20:42'),
(23, 'uploads/thumbnails/products/2023-02-15/hulk.jpg-_-1676414872.jpg', 'image', 'img', 'App\\Models\\Product', 31, '2023-02-15 01:47:52', '2023-02-15 01:47:52'),
(24, 'uploads/thumbnails/products/2023-02-15/hulk.jpg-_-1676460626.jpg', 'image', 'img', 'App\\Models\\Product', 32, '2023-02-15 14:30:26', '2023-02-15 14:30:26'),
(25, 'uploads/thumbnails/products/2023-02-15/hulk.jpg-_-1676460723.jpg', 'image', 'img', 'App\\Models\\Product', 33, '2023-02-15 14:32:03', '2023-02-15 14:32:03'),
(26, 'uploads/thumbnails/products/2023-02-15/hulk.jpg-_-1676460803.jpg', 'image', 'img', 'App\\Models\\Product', 34, '2023-02-15 14:33:23', '2023-02-15 14:33:23'),
(27, 'uploads/thumbnails/products/2023-02-16/screen-0.webp-_-1676495200.webp', 'image', 'img', 'App\\Models\\Product', 35, '2023-02-16 00:06:40', '2023-02-16 00:06:40'),
(28, 'uploads/thumbnails/products/2023-02-16/screen-0.webp-_-1676495202.webp', 'image', 'img', 'App\\Models\\Product', 36, '2023-02-16 00:06:42', '2023-02-16 00:06:42'),
(29, 'uploads/thumbnails/products/2023-02-16/screen-0.webp-_-1676495203.webp', 'image', 'img', 'App\\Models\\Product', 37, '2023-02-16 00:06:43', '2023-02-16 00:06:43'),
(30, 'uploads/thumbnails/products/2023-02-16/screen-0.webp-_-1676495205.webp', 'image', 'img', 'App\\Models\\Product', 38, '2023-02-16 00:06:45', '2023-02-16 00:06:45'),
(31, 'uploads/thumbnails/products/2023-02-16/screen-0.webp-_-1676495210.webp', 'image', 'img', 'App\\Models\\Product', 39, '2023-02-16 00:06:50', '2023-02-16 00:06:50'),
(32, 'uploads/thumbnails/products/2023-02-16/screen-0.webp-_-1676495211.webp', 'image', 'img', 'App\\Models\\Product', 40, '2023-02-16 00:06:51', '2023-02-16 00:06:51'),
(33, 'uploads/thumbnails/products/2023-02-16/One-Piece-Luffy-Wallpaper.webp-_-1676503085.webp', 'image', 'img', 'App\\Models\\Product', 41, '2023-02-16 02:18:05', '2023-02-16 02:18:05'),
(34, 'uploads/thumbnails/products/2023-02-16/One-Piece-Luffy-Wallpaper.webp-_-1676503087.webp', 'image', 'img', 'App\\Models\\Product', 42, '2023-02-16 02:18:07', '2023-02-16 02:18:07'),
(35, 'uploads/thumbnails/products/2023-02-16/One-Piece-Luffy-Wallpaper.webp-_-1676503092.webp', 'image', 'img', 'App\\Models\\Product', 43, '2023-02-16 02:18:12', '2023-02-16 02:18:12'),
(36, 'uploads/thumbnails/products/2023-02-16/One-Piece-Luffy-Wallpaper.webp-_-1676503095.webp', 'image', 'img', 'App\\Models\\Product', 44, '2023-02-16 02:18:15', '2023-02-16 02:18:15'),
(37, 'uploads/thumbnails/products/2023-02-16/One-Piece-Luffy-Wallpaper.webp-_-1676516611.webp', 'image', 'img', 'App\\Models\\Product', 45, '2023-02-16 06:03:31', '2023-02-16 06:03:31'),
(38, 'uploads/thumbnails/products/2023-02-16/One-Piece-Luffy-Wallpaper.webp-_-1676516613.webp', 'image', 'img', 'App\\Models\\Product', 46, '2023-02-16 06:03:33', '2023-02-16 06:03:33'),
(39, 'uploads/thumbnails/products/2023-02-16/One-Piece-Luffy-Wallpaper.webp-_-1676516637.webp', 'image', 'img', 'App\\Models\\Product', 47, '2023-02-16 06:03:57', '2023-02-16 06:03:57'),
(40, 'uploads/thumbnails/products/2023-02-16/One-Piece-Luffy-Wallpaper.webp-_-1676516639.webp', 'image', 'img', 'App\\Models\\Product', 48, '2023-02-16 06:03:59', '2023-02-16 06:03:59'),
(41, 'uploads/thumbnails/products/2023-02-16/One-Piece-Luffy-Wallpaper.webp-_-1676516641.webp', 'image', 'img', 'App\\Models\\Product', 49, '2023-02-16 06:04:01', '2023-02-16 06:04:01'),
(42, 'uploads/thumbnails/products/2023-02-16/One-Piece-Luffy-Wallpaper.webp-_-1676516643.webp', 'image', 'img', 'App\\Models\\Product', 50, '2023-02-16 06:04:03', '2023-02-16 06:04:03'),
(43, 'uploads/thumbnails/products/2023-02-16/One-Piece-Luffy-Wallpaper.webp-_-1676516645.webp', 'image', 'img', 'App\\Models\\Product', 51, '2023-02-16 06:04:05', '2023-02-16 06:04:05'),
(44, 'uploads/thumbnails/products/2023-02-16/One-Piece-Luffy-Wallpaper.webp-_-1676516647.webp', 'image', 'img', 'App\\Models\\Product', 52, '2023-02-16 06:04:07', '2023-02-16 06:04:07'),
(45, 'uploads/thumbnails/products/2023-02-16/One-Piece-Luffy-Wallpaper.webp-_-1676516648.webp', 'image', 'img', 'App\\Models\\Product', 53, '2023-02-16 06:04:08', '2023-02-16 06:04:08'),
(46, 'uploads/thumbnails/products/2023-02-16/One-Piece-Luffy-Wallpaper.webp-_-1676516649.webp', 'image', 'img', 'App\\Models\\Product', 54, '2023-02-16 06:04:09', '2023-02-16 06:04:09'),
(47, 'uploads/thumbnails/products/2023-02-16/One-Piece-Luffy-Wallpaper.webp-_-1676516652.webp', 'image', 'img', 'App\\Models\\Product', 55, '2023-02-16 06:04:12', '2023-02-16 06:04:12'),
(48, 'uploads/thumbnails/products/2023-02-16/One-Piece-Luffy-Wallpaper.webp-_-1676516653.webp', 'image', 'img', 'App\\Models\\Product', 56, '2023-02-16 06:04:13', '2023-02-16 06:04:13'),
(49, 'uploads/thumbnails/products/2023-02-16/One-Piece-Luffy-Wallpaper.webp-_-1676516655.webp', 'image', 'img', 'App\\Models\\Product', 57, '2023-02-16 06:04:15', '2023-02-16 06:04:15'),
(50, 'uploads/thumbnails/products/2023-02-16/One-Piece-Luffy-Wallpaper.webp-_-1676516657.webp', 'image', 'img', 'App\\Models\\Product', 58, '2023-02-16 06:04:17', '2023-02-16 06:04:17'),
(51, 'uploads/thumbnails/products/2023-02-16/One-Piece-Luffy-Wallpaper.webp-_-1676516659.webp', 'image', 'img', 'App\\Models\\Product', 59, '2023-02-16 06:04:19', '2023-02-16 06:04:19'),
(52, 'uploads/thumbnails/products/2023-02-16/IMG_20230213_203022.jpg-_-1676564294.jpg', 'image', 'img', 'App\\Models\\Product', 60, '2023-02-16 19:18:14', '2023-02-16 19:18:14'),
(53, 'uploads/thumbnails/products/2023-02-17/IMG_20230213_203022.jpg-_-1676591157.jpg', 'image', 'img', 'App\\Models\\Product', 61, '2023-02-17 02:45:57', '2023-02-17 02:45:57'),
(54, 'uploads/thumbnails/company/2023-02-17/received_725912309121919.webp-_-1676642993.webp', 'image', 'img', 'App\\Models\\Company', 13, '2023-02-17 17:09:53', '2023-02-17 17:09:53'),
(55, 'uploads/thumbnails/products/2023-02-20/IMG_20230213_203022.jpg-_-1676922169.jpg', 'image', 'img', 'App\\Models\\Product', 62, '2023-02-20 22:42:49', '2023-02-20 22:42:49'),
(56, 'uploads/thumbnails/products/2023-02-20/IMG_20230213_203022.jpg-_-1676923192.jpg', 'image', 'img', 'App\\Models\\Product', 63, '2023-02-20 22:59:52', '2023-02-20 22:59:52'),
(57, 'uploads/thumbnails/products/2023-02-21/IMG_20230213_203022.jpg-_-1676930579.jpg', 'image', 'img', 'App\\Models\\Product', 64, '2023-02-21 01:02:59', '2023-02-21 01:02:59'),
(58, 'uploads/thumbnails/company/2023-02-21/screen-0.webp-_-1677005009.webp', 'image', 'img', 'App\\Models\\Company', 12, '2023-02-21 21:43:29', '2023-02-21 21:43:29'),
(59, 'uploads/thumbnails/company/2023-02-21/IMG_20230213_203022.jpg-_-1677006326.jpg', 'image', 'img', 'App\\Models\\Company', 15, '2023-02-21 22:05:26', '2023-02-21 22:05:26'),
(60, 'uploads/thumbnails/company/2023-02-21/IMG_20230213_203022.jpg-_-1677007657.jpg', 'image', 'img', 'App\\Models\\Company', 17, '2023-02-21 22:27:37', '2023-02-21 22:27:37'),
(61, 'uploads/thumbnails/products/2023-02-21/IMG_20230213_203022.jpg-_-1677007999.jpg', 'image', 'img', 'App\\Models\\Product', 65, '2023-02-21 22:33:19', '2023-02-21 22:33:19'),
(62, 'uploads/thumbnails/products/2023-02-21/IMG_20230213_203022.jpg-_-1677012282.jpg', 'image', 'img', 'App\\Models\\Product', 66, '2023-02-21 23:44:42', '2023-02-21 23:44:42'),
(63, 'uploads/thumbnails/products/2023-02-22/IMG_20230222_202457.jpg-_-1677090340.jpg', 'image', 'img', 'App\\Models\\Product', 67, '2023-02-22 21:25:40', '2023-02-22 21:25:40'),
(64, 'uploads/thumbnails/products/2023-02-23/IMG_20230222_202457.jpg-_-1677106124.jpg', 'image', 'img', 'App\\Models\\Product', 68, '2023-02-23 01:48:44', '2023-02-23 01:48:44'),
(65, 'uploads/thumbnails/products/2023-02-25/IMG_20230222_202457.jpg-_-1677294490.jpg', 'image', 'img', 'App\\Models\\Product', 69, '2023-02-25 06:08:10', '2023-02-25 06:08:10'),
(66, 'uploads/thumbnails/products/2023-03-03/zoro.jpg-_-1677866483.jpg', 'image', 'img', 'App\\Models\\Product', 70, '2023-03-03 21:01:23', '2023-03-03 21:01:23'),
(67, 'uploads/thumbnails/products/2023-03-03/zoro.jpg-_-1677868854.jpg', 'image', 'img', 'App\\Models\\Product', 71, '2023-03-03 21:40:54', '2023-03-03 21:40:54'),
(69, 'uploads/thumbnails/company/2023-03-04/wallpaperflare.com_wallpaper.jpg-_-1677936077.jpg', 'image', 'img', 'App\\Models\\Company', 26, '2023-03-04 16:21:17', '2023-03-04 16:21:17'),
(70, 'uploads/thumbnails/company/2023-03-04/wallpaperflare.com_wallpaper.jpg-_-1677936895.jpg', 'image', 'img', 'App\\Models\\Company', 25, '2023-03-04 16:34:55', '2023-03-04 16:34:55'),
(71, 'uploads/thumbnails/products/2023-03-04/fov.webp-_-1677939049.webp', 'image', 'img', 'App\\Models\\Product', 72, '2023-03-04 17:10:49', '2023-03-04 17:10:49'),
(72, 'uploads/thumbnails/products/2023-03-04/wallpaperflare.com_wallpaper.jpg-_-1677939082.jpg', 'image', 'img', 'App\\Models\\Product', 73, '2023-03-04 17:11:22', '2023-03-04 17:11:22'),
(73, 'uploads/thumbnails/products/2023-03-04/One-Piece-Luffy-Wallpaper.webp-_-1677959685.webp', 'image', 'img', 'App\\Models\\Product', 74, '2023-03-04 22:54:45', '2023-03-04 22:54:45'),
(74, 'uploads/thumbnails/products/2023-03-04/wallpaperflare.com_wallpaper.jpg-_-1677959765.jpg', 'image', 'img', 'App\\Models\\Product', 75, '2023-03-04 22:56:05', '2023-03-04 22:56:05'),
(89, 'uploads/thumbnails/company/2023-03-05/wallpaperflare.com_wallpaper.jpg-_-1678023967.jpg', 'image', 'img', 'App\\Models\\Company', 29, '2023-03-05 16:46:07', '2023-03-05 16:46:07'),
(90, 'uploads/thumbnails/products/2023-03-06/uhdpaper.com-3481e-pc-4k.jpg-_-1642218577.jpg-_-1678052270.jpg', 'image', 'img', 'App\\Models\\Product', 76, '2023-03-06 00:37:50', '2023-03-06 00:37:50'),
(91, 'uploads/thumbnails/products/2023-03-06/fov.webp-_-1678112295.webp', 'image', 'img', 'App\\Models\\Product', 77, '2023-03-06 17:18:15', '2023-03-06 17:18:15'),
(92, 'uploads/thumbnails/products/2023-03-06/fov.webp-_-1678117000.webp', 'image', 'img', 'App\\Models\\Product', 78, '2023-03-06 18:36:40', '2023-03-06 18:36:40'),
(94, 'uploads/thumbnails/products/2023-03-06/wallpaperflare.com_wallpaper.jpg-_-1678122301.jpg', 'image', 'img', 'App\\Models\\Product', 79, '2023-03-06 20:05:01', '2023-03-06 20:05:01'),
(97, 'uploads/thumbnails/company/2023-03-06/zoro.jpg-_-1678123664.jpg', 'image', 'img', 'App\\Models\\Company', 57, '2023-03-06 20:27:44', '2023-03-06 20:27:44'),
(98, 'uploads/thumbnails/products/2023-03-06/wallpaperflare.com_wallpaper.jpg-_-1678126799.jpg', 'image', 'img', 'App\\Models\\Product', 80, '2023-03-06 21:19:59', '2023-03-06 21:19:59'),
(100, 'uploads/thumbnails/products/2023-03-06/screen-0.webp-_-1678134714.webp', 'image', 'img', 'App\\Models\\Product', 81, '2023-03-06 23:31:54', '2023-03-06 23:31:54'),
(101, 'uploads/thumbnails/products/2023-03-07/wallpaperflare.com_wallpaper.jpg-_-1678200254.jpg', 'image', 'img', 'App\\Models\\Product', 82, '2023-03-07 17:44:14', '2023-03-07 17:44:14'),
(103, 'uploads/thumbnails/company/2023-03-07/dd08wn1.png-_-1678212764.png', 'image', 'img', 'App\\Models\\Company', 58, '2023-03-07 21:12:44', '2023-03-07 21:12:44'),
(104, 'uploads/thumbnails/products/2023-03-07/zoro.jpg-_-1678216626.jpg', 'image', 'img', 'App\\Models\\Product', 83, '2023-03-07 22:17:06', '2023-03-07 22:17:06'),
(105, 'uploads/thumbnails/products/2023-03-09/dd08wn1.png-_-1678310196.png', 'image', 'img', 'App\\Models\\Product', 84, '2023-03-09 00:16:36', '2023-03-09 00:16:36'),
(106, 'uploads/thumbnails/products/2023-03-09/dd08wn1.png-_-1678311323.png', 'image', 'img', 'App\\Models\\Product', 85, '2023-03-09 00:35:23', '2023-03-09 00:35:23'),
(107, 'uploads/thumbnails/products/2023-03-09/luffy.webp-_-1678311355.webp', 'image', 'img', 'App\\Models\\Product', 86, '2023-03-09 00:35:55', '2023-03-09 00:35:55'),
(108, 'uploads/thumbnails/products/2023-03-12/IMG-20230310-WA0005.jpg-_-1678614602.jpg', 'image', 'img', 'App\\Models\\Product', 87, '2023-03-12 12:50:02', '2023-03-12 12:50:02'),
(109, 'uploads/thumbnails/company/2023-03-21/SAVE_20230316_232257.jpg-_-1679398969.jpg', 'image', 'img', 'App\\Models\\Company', 61, '2023-03-21 14:42:49', '2023-03-21 14:42:49'),
(110, 'uploads/thumbnails/products/2023-03-21/FB_IMG_1679397199272.jpg-_-1679399077.jpg', 'image', 'img', 'App\\Models\\Product', 88, '2023-03-21 14:44:37', '2023-03-21 14:44:37'),
(111, 'uploads/thumbnails/products/2023-03-21/screen-0.webp-_-1679402718.webp', 'image', 'img', 'App\\Models\\Product', 89, '2023-03-21 15:45:18', '2023-03-21 15:45:18'),
(112, 'uploads/thumbnails/products/2023-03-21/wallpaperflare.com_wallpaper.jpg-_-1679402960.jpg', 'image', 'img', 'App\\Models\\Product', 90, '2023-03-21 15:49:20', '2023-03-21 15:49:20'),
(113, 'uploads/thumbnails/products/2023-03-21/zoro.jpg-_-1679403075.jpg', 'image', 'img', 'App\\Models\\Product', 91, '2023-03-21 15:51:15', '2023-03-21 15:51:15'),
(114, 'uploads/thumbnails/products/2023-03-21/wallpaperflare.com_wallpaper.jpg-_-1679403119.jpg', 'image', 'img', 'App\\Models\\Product', 92, '2023-03-21 15:51:59', '2023-03-21 15:51:59'),
(115, 'uploads/thumbnails/products/2023-03-24/IMG-20230323-WA0052.jpg-_-1679689057.jpg', 'image', 'img', 'App\\Models\\Product', 93, '2023-03-24 23:17:37', '2023-03-24 23:17:37'),
(116, 'uploads/thumbnails/company/2023-03-27/IMG_20230327_043932.jpg-_-1679884788.jpg', 'image', 'img', 'App\\Models\\Company', 63, '2023-03-27 05:39:48', '2023-03-27 05:39:48'),
(117, 'uploads/thumbnails/products/2023-03-27/IMG_20230327_043932.jpg-_-1679884818.jpg', 'image', 'img', 'App\\Models\\Product', 94, '2023-03-27 05:40:18', '2023-03-27 05:40:18'),
(118, 'uploads/thumbnails/company/2023-03-28/dd08wn1.png-_-1680029000.png', 'image', 'img', 'App\\Models\\Company', 65, '2023-03-28 21:43:20', '2023-03-28 21:43:20'),
(119, 'uploads/thumbnails/products/2023-03-28/dreams.jpg-_-1680029071.jpg', 'image', 'img', 'App\\Models\\Product', 95, '2023-03-28 21:44:31', '2023-03-28 21:44:31'),
(120, 'uploads/thumbnails/company/2023-03-29/IMG-20230326-WA0003.jpg-_-1680038778.jpg', 'image', 'img', 'App\\Models\\Company', 67, '2023-03-29 00:26:18', '2023-03-29 00:26:18'),
(121, 'uploads/thumbnails/products/2023-03-29/IMG-20230326-WA0003.jpg-_-1680038825.jpg', 'image', 'img', 'App\\Models\\Product', 96, '2023-03-29 00:27:05', '2023-03-29 00:27:05'),
(122, 'uploads/thumbnails/products/2023-03-29/IMG-20230324-WA0006.jpg-_-1680039242.jpg', 'image', 'img', 'App\\Models\\Product', 97, '2023-03-29 00:34:02', '2023-03-29 00:34:02'),
(123, 'uploads/thumbnails/products/2023-03-29/IMG-20230328-WA0000.jpg-_-1680041585.jpg', 'image', 'img', 'App\\Models\\Product', 98, '2023-03-29 01:13:05', '2023-03-29 01:13:05'),
(124, 'uploads/thumbnails/products/2023-03-29/IMG-20230328-WA0000.jpg-_-1680041623.jpg', 'image', 'img', 'App\\Models\\Product', 99, '2023-03-29 01:13:43', '2023-03-29 01:13:43'),
(125, 'uploads/thumbnails/company/2023-04-03/IMG-20230402-WA0001.jpg-_-1680551592.jpg', 'image', 'img', 'App\\Models\\Company', 68, '2023-04-03 22:53:12', '2023-04-03 22:53:12'),
(126, 'uploads/thumbnails/products/2023-04-03/IMG-20230402-WA0000.jpg-_-1680551623.jpg', 'image', 'img', 'App\\Models\\Product', 100, '2023-04-03 22:53:43', '2023-04-03 22:53:43'),
(127, 'uploads/thumbnails/products/2023-04-08/IMG_20230407_232748.jpg-_-1680902884.jpg', 'image', 'img', 'App\\Models\\Product', 101, '2023-04-08 00:28:04', '2023-04-08 00:28:04'),
(128, 'uploads/thumbnails/company/2023-04-11/IMG_20230411_022856.jpg-_-1681172998.jpg', 'image', 'img', 'App\\Models\\Company', 72, '2023-04-11 03:29:58', '2023-04-11 03:29:58'),
(129, 'uploads/thumbnails/company/2023-04-11/IMG_20230411_022857.jpg-_-1681236667.jpg', 'image', 'img', 'App\\Models\\Company', 75, '2023-04-11 21:11:07', '2023-04-11 21:11:07'),
(130, 'uploads/thumbnails/products/2023-04-11/IMG_20230411_022857.jpg-_-1681236837.jpg', 'image', 'img', 'App\\Models\\Product', 102, '2023-04-11 21:13:57', '2023-04-11 21:13:57');

-- --------------------------------------------------------

--
-- Table structure for table `bills`
--

CREATE TABLE `bills` (
  `id` bigint(20) UNSIGNED NOT NULL,
  `client_id` bigint(20) UNSIGNED NOT NULL,
  `company_id` bigint(20) UNSIGNED NOT NULL,
  `final_price` int(11) NOT NULL,
  `tax_amount` int(11) NOT NULL,
  `payment_type` int(11) NOT NULL DEFAULT 1,
  `created_at` timestamp NULL DEFAULT NULL,
  `updated_at` timestamp NULL DEFAULT NULL,
  `price_before_tax` int(11) NOT NULL DEFAULT 0
) ENGINE=InnoDB DEFAULT CHARSET=utf8mb4 COLLATE=utf8mb4_unicode_ci;

--
-- Dumping data for table `bills`
--

INSERT INTO `bills` (`id`, `client_id`, `company_id`, `final_price`, `tax_amount`, `payment_type`, `created_at`, `updated_at`, `price_before_tax`) VALUES
(2, 1, 2, 212, 12, 1, '2023-02-21 18:57:10', '2023-02-21 18:57:10', 200),
(3, 1, 2, 212, 12, 2, '2023-02-21 21:14:23', '2023-02-21 21:14:23', 200),
(4, 1, 17, 212, 12, 1, '2023-02-21 23:43:57', '2023-02-21 23:43:57', 200),
(5, 4, 17, 212, 12, 3, '2023-02-21 23:51:52', '2023-02-21 23:51:52', 200),
(6, 4, 17, 212, 12, 2, '2023-02-24 08:02:36', '2023-02-24 08:02:36', 200),
(7, 4, 17, 212, 12, 2, '2023-02-28 13:10:37', '2023-02-28 13:10:37', 200),
(8, 1, 2, 212, 12, 1, '2023-02-28 13:10:40', '2023-02-28 13:10:40', 200),
(9, 4, 17, 112, 12, 2, '2023-02-28 13:11:37', '2023-02-28 13:11:37', 100),
(10, 4, 17, 222, 0, 3, '2023-02-28 13:12:04', '2023-02-28 13:12:04', 222),
(11, 4, 17, 224, 24, 0, '2023-03-01 10:40:40', '2023-03-01 10:40:40', 200),
(12, 4, 17, 871, 93, 0, '2023-03-01 10:46:51', '2023-03-01 10:46:51', 778),
(13, 4, 17, 871, 93, 3, '2023-03-01 10:46:55', '2023-03-01 10:46:55', 778),
(14, 4, 17, 871, 93, 3, '2023-03-01 10:47:02', '2023-03-01 10:47:02', 778),
(15, 4, 17, 871, 93, 3, '2023-03-01 10:48:00', '2023-03-01 10:48:00', 778),
(16, 4, 17, 871, 93, 2, '2023-03-01 10:48:31', '2023-03-01 10:48:31', 778),
(17, 4, 17, 871, 93, 2, '2023-03-01 10:49:08', '2023-03-01 10:49:08', 778),
(18, 4, 17, 4, 0, 2, '2023-03-01 10:49:47', '2023-03-01 10:49:47', 4),
(19, 4, 17, 871, 93, 2, '2023-03-01 10:50:05', '2023-03-01 10:50:05', 778),
(20, 4, 17, 871, 93, 2, '2023-03-01 10:50:26', '2023-03-01 10:50:26', 778),
(21, 4, 17, 871, 93, 2, '2023-03-01 10:52:09', '2023-03-01 10:52:09', 778),
(22, 4, 17, 112, 12, 2, '2023-03-01 10:52:44', '2023-03-01 10:52:44', 100),
(23, 4, 17, 0, 0, 2, '2023-03-01 10:52:59', '2023-03-01 10:52:59', 0),
(24, 4, 17, 1344, 144, 2, '2023-03-01 10:54:00', '2023-03-01 10:54:00', 1200),
(25, 4, 17, 249, 27, 2, '2023-03-01 10:54:38', '2023-03-01 10:54:38', 222),
(26, 4, 17, 871, 93, 2, '2023-03-01 10:54:54', '2023-03-01 10:54:54', 778),
(27, 4, 17, 871, 93, 2, '2023-03-01 10:55:57', '2023-03-01 10:55:57', 778),
(28, 4, 17, 871, 93, 1, '2023-03-01 10:58:12', '2023-03-01 10:58:12', 778),
(29, 4, 17, 4, 0, 1, '2023-03-01 10:58:42', '2023-03-01 10:58:42', 4),
(30, 4, 17, 4, 0, 1, '2023-03-01 10:58:56', '2023-03-01 10:58:56', 4),
(31, 4, 17, 4, 0, 1, '2023-03-01 10:59:32', '2023-03-01 10:59:32', 4),
(32, 4, 17, 871, 93, 1, '2023-03-01 10:59:46', '2023-03-01 10:59:46', 778),
(33, 4, 17, 871, 93, 1, '2023-03-01 11:00:46', '2023-03-01 11:00:46', 778),
(34, 4, 17, 249, 27, 2, '2023-03-01 11:01:37', '2023-03-01 11:01:37', 222),
(35, 4, 17, 871, 93, 2, '2023-03-01 11:03:09', '2023-03-01 11:03:09', 778),
(36, 11, 17, 871, 93, 2, '2023-03-01 18:03:29', '2023-03-01 18:03:29', 778),
(37, 12, 17, 871, 93, 2, '2023-03-01 18:04:42', '2023-03-01 18:04:43', 778),
(38, 4, 17, 249, 27, 2, '2023-03-01 18:05:15', '2023-03-01 18:05:15', 222),
(39, 13, 17, 871, 93, 2, '2023-03-01 18:05:33', '2023-03-01 18:05:33', 778),
(40, 13, 17, 871, 93, 2, '2023-03-01 18:05:34', '2023-03-01 18:05:34', 778),
(41, 15, 17, 871, 93, 2, '2023-03-01 18:06:14', '2023-03-01 18:06:14', 778),
(42, 16, 17, 871, 93, 2, '2023-03-01 18:06:38', '2023-03-01 18:06:38', 778),
(43, 17, 17, 871, 93, 2, '2023-03-01 18:07:50', '2023-03-01 18:07:50', 778),
(44, 18, 17, 871, 93, 2, '2023-03-01 18:08:11', '2023-03-01 18:08:11', 778),
(45, 19, 17, 224, 24, 2, '2023-03-01 18:08:52', '2023-03-01 18:08:52', 200),
(46, 20, 17, 871, 93, 1, '2023-03-01 18:10:03', '2023-03-01 18:10:03', 778),
(47, 21, 17, 1120, 120, 1, '2023-03-01 18:10:16', '2023-03-01 18:10:16', 1000),
(48, 22, 17, 1120, 120, 1, '2023-03-01 18:10:18', '2023-03-01 18:10:18', 1000),
(49, 22, 17, 1120, 120, 1, '2023-03-01 18:10:19', '2023-03-01 18:10:19', 1000),
(50, 22, 17, 1120, 120, 1, '2023-03-01 18:10:19', '2023-03-01 18:10:19', 1000),
(51, 22, 17, 1120, 120, 1, '2023-03-01 18:10:19', '2023-03-01 18:10:19', 1000),
(52, 22, 17, 1120, 120, 1, '2023-03-01 18:10:19', '2023-03-01 18:10:19', 1000),
(53, 28, 17, 871, 93, 1, '2023-03-02 06:11:19', '2023-03-02 06:11:19', 778),
(54, 29, 17, 249, 27, 1, '2023-03-02 06:11:38', '2023-03-02 06:11:38', 222),
(55, 30, 17, 249, 27, 1, '2023-03-02 06:12:41', '2023-03-02 06:12:41', 222),
(56, 31, 17, 249, 27, 1, '2023-03-02 06:13:04', '2023-03-02 06:13:04', 222),
(57, 32, 17, 1120, 120, 3, '2023-03-02 06:15:53', '2023-03-02 06:15:53', 1000),
(58, 33, 17, 1120, 120, 3, '2023-03-02 06:16:29', '2023-03-02 06:16:29', 1000),
(59, 34, 17, 1120, 120, 3, '2023-03-02 06:17:02', '2023-03-02 06:17:03', 1000),
(60, 35, 17, 1120, 120, 3, '2023-03-02 06:17:04', '2023-03-02 06:17:04', 1000),
(61, 36, 17, 1120, 120, 3, '2023-03-02 06:18:39', '2023-03-02 06:18:39', 1000),
(62, 37, 17, 1120, 120, 3, '2023-03-02 06:20:16', '2023-03-02 06:20:16', 1000),
(63, 38, 17, 1120, 120, 3, '2023-03-02 06:21:09', '2023-03-02 06:21:09', 1000),
(64, 39, 17, 1120, 120, 3, '2023-03-02 06:22:13', '2023-03-02 06:22:13', 1000),
(65, 40, 17, 1120, 120, 2, '2023-03-02 06:22:45', '2023-03-02 06:22:45', 1000),
(66, 41, 17, 1120, 120, 2, '2023-03-02 06:23:17', '2023-03-02 06:23:17', 1000),
(67, 42, 17, 1120, 120, 0, '2023-03-02 06:27:01', '2023-03-02 06:27:01', 1000),
(68, 43, 17, 1120, 120, 2, '2023-03-02 06:28:14', '2023-03-02 06:28:14', 1000),
(69, 44, 17, 1120, 120, 2, '2023-03-02 06:40:49', '2023-03-02 06:40:49', 1000),
(70, 45, 17, 1120, 120, 2, '2023-03-02 06:43:00', '2023-03-02 06:43:00', 1000),
(71, 55, 17, 222, 0, 2, '2023-03-03 18:44:23', '2023-03-03 18:44:23', 222),
(72, 56, 17, 871, 93, 2, '2023-03-03 18:46:59', '2023-03-03 18:46:59', 778),
(73, 57, 17, 224, 24, 2, '2023-03-03 18:47:30', '2023-03-03 18:47:30', 200),
(74, 58, 17, 224, 24, 2, '2023-03-03 18:47:51', '2023-03-03 18:47:51', 200),
(75, 64, 25, 7819, 2234, 2, '2023-03-04 18:10:53', '2023-03-04 18:10:53', 5585),
(76, 65, 25, 7819, 2234, 3, '2023-03-04 18:11:22', '2023-03-04 18:11:22', 5585),
(77, 66, 25, 10888, 3111, 3, '2023-03-04 18:11:48', '2023-03-04 18:11:48', 7777),
(78, 74, 29, 444, 222, 2, '2023-03-05 16:13:01', '2023-03-05 16:13:01', 222),
(168, 86, 58, 1173848, 62265, 2, '2023-03-12 02:45:42', '2023-03-12 02:45:42', 1111583),
(169, 86, 58, 118558, 62265, 2, '2023-03-12 04:59:18', '2023-03-12 04:59:18', 56293),
(170, 86, 58, 118360, 62265, 2, '2023-03-12 05:06:01', '2023-03-12 05:06:01', 56095),
(171, 86, 58, 118582, 62265, 2, '2023-03-12 05:17:02', '2023-03-12 05:17:02', 56317),
(172, 87, 58, 118360, 62265, 2, '2023-03-12 05:24:34', '2023-03-12 05:24:34', 56095),
(173, 86, 58, 118360, 62265, 2, '2023-03-12 05:26:16', '2023-03-12 05:26:16', 56095),
(174, 1, 58, 1100, 110, 1, '2023-03-12 05:36:03', '2023-03-12 05:36:03', 990),
(175, 83, 58, 228775, 61786, 1, '2023-03-12 12:26:44', '2023-03-12 12:26:44', 166989),
(176, 84, 58, 117215, 61663, 1, '2023-03-12 12:28:02', '2023-03-12 12:28:02', 55552),
(177, 84, 58, 340568, 62265, 2, '2023-03-12 12:30:11', '2023-03-12 12:30:11', 278303),
(178, 85, 58, 117215, 61663, 1, '2023-03-12 12:33:05', '2023-03-12 12:33:05', 55552),
(179, 85, 58, 117215, 61663, 1, '2023-03-12 12:36:19', '2023-03-12 12:36:19', 55552),
(180, 85, 58, 228886, 61786, 1, '2023-03-12 12:45:21', '2023-03-12 12:45:21', 167100),
(181, 86, 58, 118360, 62265, 1, '2023-03-12 12:51:29', '2023-03-12 12:51:29', 56095),
(182, 86, 58, 117215, 61663, 3, '2023-03-12 12:53:37', '2023-03-12 12:53:38', 55552),
(183, 85, 58, 117215, 61663, 1, '2023-03-12 12:57:01', '2023-03-12 12:57:01', 55552),
(184, 87, 58, 653, 233, 2, '2023-03-13 01:33:06', '2023-03-13 01:33:06', 420),
(185, 1, 58, 443, 233, 2, '2023-03-13 02:16:59', '2023-03-13 02:16:59', 210),
(186, 1, 58, 117892, 62019, 1, '2023-03-13 02:17:20', '2023-03-13 02:17:20', 55873),
(187, 85, 58, 234, 123, 1, '2023-03-13 02:19:04', '2023-03-13 02:19:04', 111),
(188, 86, 58, 234, 123, 2, '2023-03-13 02:19:25', '2023-03-13 02:19:25', 111),
(189, 88, 58, 117683, 61909, 3, '2023-03-13 02:23:42', '2023-03-13 02:23:42', 55774),
(190, 84, 58, 117683, 61909, 2, '2023-03-13 02:31:02', '2023-03-13 02:31:02', 55774),
(191, 1, 58, 1100, 110, 1, '2023-03-13 02:33:49', '2023-03-13 02:33:49', 990),
(192, 83, 58, 117683, 61909, 1, '2023-03-13 02:33:58', '2023-03-13 02:33:58', 55774),
(193, 1, 58, 117683, 61909, 2, '2023-03-13 02:44:09', '2023-03-13 02:44:09', 55774),
(194, 1, 58, 117683, 61909, 3, '2023-03-13 02:44:33', '2023-03-13 02:44:33', 55774),
(195, 1, 58, 703, 370, 2, '2023-03-13 21:56:20', '2023-03-13 21:56:20', 333),
(196, 1, 58, 1100, 110, 1, '2023-03-13 23:34:18', '2023-03-13 23:34:18', 990),
(197, 1, 58, 4400, 440, 1, '2023-03-14 00:20:44', '2023-03-14 00:20:44', 3960),
(198, 1, 58, 285460, 62265, 2, '2023-03-14 00:22:29', '2023-03-14 00:22:29', 223195),
(199, 87, 58, 119026, 62265, 1, '2023-03-14 03:53:36', '2023-03-14 03:53:36', 56761),
(200, 1, 58, 443, 233, 2, '2023-03-14 03:54:28', '2023-03-14 03:54:28', 210),
(201, 1, 58, 443, 233, 2, '2023-03-14 03:54:47', '2023-03-14 03:54:47', 210),
(202, 1, 58, 443, 233, 2, '2023-03-14 03:55:09', '2023-03-14 03:55:09', 210),
(203, 1, 58, 117658, 61896, 2, '2023-03-14 03:55:32', '2023-03-14 03:55:32', 55762),
(204, 1, 58, 677, 356, 2, '2023-03-14 03:56:20', '2023-03-14 03:56:20', 321),
(205, 1, 58, 443, 233, 2, '2023-03-14 03:56:38', '2023-03-14 03:56:38', 210),
(206, 1, 58, 677, 356, 2, '2023-03-14 04:04:41', '2023-03-14 04:04:41', 321),
(207, 1, 58, 443, 233, 2, '2023-03-14 04:05:04', '2023-03-14 04:05:04', 210),
(208, 1, 58, 209, 110, 2, '2023-03-14 04:05:49', '2023-03-14 04:05:49', 99),
(209, 1, 58, 443, 233, 2, '2023-03-14 04:06:32', '2023-03-14 04:06:32', 210),
(210, 1, 58, 443, 233, 2, '2023-03-14 04:06:51', '2023-03-14 04:06:51', 210),
(211, 1, 58, 443, 233, 2, '2023-03-14 04:07:16', '2023-03-14 04:07:16', 210),
(212, 1, 58, 679310, 62265, 2, '2023-03-14 04:08:42', '2023-03-14 04:08:42', 617045),
(213, 1, 58, 118360, 62265, 1, '2023-03-14 04:09:31', '2023-03-14 04:09:31', 56095),
(214, 1, 58, 234, 123, 2, '2023-03-14 04:09:43', '2023-03-14 04:09:43', 111),
(215, 1, 59, 0, 0, 1, '2023-03-14 13:17:26', '2023-03-14 13:17:26', 0),
(216, 50, 59, 0, 0, 1, '2023-03-14 13:38:52', '2023-03-14 13:38:52', 0),
(217, 50, 59, 0, 0, 1, '2023-03-14 13:43:11', '2023-03-14 13:43:11', 0),
(218, 50, 59, 0, 0, 1, '2023-03-14 13:45:11', '2023-03-14 13:45:11', 0),
(219, 50, 59, 0, 0, 1, '2023-03-14 13:45:40', '2023-03-14 13:45:40', 0),
(220, 50, 59, 0, 0, 1, '2023-03-14 13:46:26', '2023-03-14 13:46:26', 0),
(221, 50, 59, 0, 0, 1, '2023-03-14 13:46:41', '2023-03-14 13:46:41', 0),
(222, 50, 59, 0, 0, 1, '2023-03-14 13:46:46', '2023-03-14 13:46:46', 0),
(223, 50, 59, 0, 0, 1, '2023-03-14 13:46:50', '2023-03-14 13:46:50', 0),
(224, 50, 59, 100, 0, 1, '2023-03-14 13:47:59', '2023-03-14 13:47:59', 100),
(225, 1, 58, 118126, 62142, 2, '2023-03-15 04:42:04', '2023-03-15 04:42:04', 55984),
(226, 1, 58, 118360, 62265, 2, '2023-03-15 13:29:24', '2023-03-15 13:29:24', 56095),
(227, 86, 58, 174356, 62265, 1, '2023-03-18 22:57:11', '2023-03-18 22:57:11', 112091),
(228, 85, 58, 118360, 62265, 1, '2023-03-18 22:57:29', '2023-03-18 22:57:29', 56095),
(229, 1, 58, 118360, 62265, 2, '2023-03-19 16:37:19', '2023-03-19 16:37:19', 56095),
(230, 1, 58, 653, 233, 2, '2023-03-23 23:59:10', '2023-03-23 23:59:10', 420),
(231, 79, 58, 209, 110, 1, '2023-03-24 04:26:50', '2023-03-24 04:26:50', 99),
(232, 90, 58, 117560, 61786, 1, '2023-03-24 23:16:28', '2023-03-24 23:16:28', 55774),
(233, 1, 58, 11, 6, 2, '2023-03-24 23:18:08', '2023-03-24 23:18:08', 5),
(234, 1, 58, 117449, 61786, 2, '2023-03-25 02:14:57', '2023-03-25 02:14:57', 55663),
(235, 86, 58, 234, 123, 2, '2023-03-26 01:40:03', '2023-03-26 01:40:03', 111),
(236, 1, 58, 443, 233, 2, '2023-03-26 01:41:53', '2023-03-26 01:41:53', 210),
(237, 1, 58, 209, 110, 2, '2023-03-26 01:42:04', '2023-03-26 01:42:04', 99),
(238, 1, 58, 345, 123, 2, '2023-03-26 03:59:42', '2023-03-26 03:59:42', 222),
(239, 1, 58, 690, 246, 2, '2023-03-26 04:00:06', '2023-03-26 04:00:06', 444),
(240, 1, 58, 554, 233, 2, '2023-03-26 04:00:29', '2023-03-26 04:00:29', 321),
(241, 1, 63, 1022, 22, 2, '2023-03-27 05:40:41', '2023-03-27 05:40:41', 1000),
(242, 1, 65, 2222, 222, 2, '2023-03-28 21:44:53', '2023-03-28 21:44:53', 2000),
(243, 1, 65, 322, 222, 2, '2023-03-28 21:45:12', '2023-03-28 21:45:12', 100),
(244, 1, 65, 322, 222, 2, '2023-03-28 21:53:01', '2023-03-28 21:53:01', 100),
(245, 1, 65, 322, 222, 2, '2023-03-28 21:53:15', '2023-03-28 21:53:15', 100),
(246, 1, 65, 422, 222, 2, '2023-03-28 22:31:34', '2023-03-28 22:31:34', 200),
(247, 1, 65, 322, 222, 2, '2023-03-28 22:44:33', '2023-03-28 22:44:33', 100),
(248, 1, 65, 322, 222, 2, '2023-03-28 22:59:29', '2023-03-28 22:59:29', 100),
(249, 1, 65, 322, 222, 2, '2023-03-28 23:00:02', '2023-03-28 23:00:02', 100),
(250, 1, 65, 322, 222, 2, '2023-03-28 23:04:17', '2023-03-28 23:04:17', 100),
(251, 1, 65, 322, 222, 2, '2023-03-28 23:04:42', '2023-03-28 23:04:42', 100),
(252, 1, 65, 322, 222, 2, '2023-03-28 23:06:06', '2023-03-28 23:06:06', 100),
(253, 1, 67, 3, 0, 1, '2023-03-29 00:28:04', '2023-03-29 00:28:04', 3),
(254, 1, 67, 3, 0, 3, '2023-03-29 00:30:44', '2023-03-29 00:30:44', 3),
(255, 1, 67, 1, 0, 1, '2023-03-29 00:34:12', '2023-03-29 00:34:12', 1),
(256, 103, 67, 21, 2, 2, '2023-03-29 01:15:01', '2023-03-29 01:15:01', 19),
(257, 1, 67, 8, 0, 1, '2023-03-31 21:08:44', '2023-03-31 21:08:44', 8),
(258, 1, 67, 39, 2, 3, '2023-03-31 21:09:15', '2023-03-31 21:09:15', 37),
(259, 1, 67, 2, 0, 1, '2023-04-02 23:18:47', '2023-04-02 23:18:48', 2),
(260, 1, 67, 10, 0, 2, '2023-04-02 23:19:38', '2023-04-02 23:19:38', 10),
(261, 1, 68, 575, 75, 2, '2023-04-03 22:54:43', '2023-04-03 22:54:43', 500),
(262, 1, 68, 575, 75, 2, '2023-04-07 21:59:26', '2023-04-07 21:59:26', 500),
(263, 1, 68, 1575, 75, 2, '2023-04-07 23:23:21', '2023-04-07 23:23:21', 1500),
(264, 1, 68, 575, 75, 2, '2023-04-07 23:31:10', '2023-04-07 23:31:10', 500),
(265, 1, 68, 575, 75, 2, '2023-04-07 23:48:05', '2023-04-07 23:48:05', 500),
(266, 1, 68, 575, 75, 2, '2023-04-07 23:51:45', '2023-04-07 23:51:45', 500),
(267, 1, 68, 575, 75, 2, '2023-04-07 23:57:34', '2023-04-07 23:57:34', 500),
(268, 1, 68, 575, 75, 2, '2023-04-07 23:59:57', '2023-04-07 23:59:57', 500),
(269, 1, 68, 1575, 75, 2, '2023-04-08 00:07:21', '2023-04-08 00:07:21', 1500),
(270, 1, 68, 575, 75, 2, '2023-04-08 00:17:36', '2023-04-08 00:17:36', 500),
(271, 1, 68, 575, 75, 2, '2023-04-08 00:17:48', '2023-04-08 00:17:48', 500),
(272, 1, 68, 1725, 225, 2, '2023-04-08 00:32:13', '2023-04-08 00:32:13', 1500),
(273, 1, 68, 575, 75, 2, '2023-04-08 00:32:49', '2023-04-08 00:32:49', 500),
(274, 1, 68, 575, 75, 1, '2023-04-08 18:48:30', '2023-04-08 18:48:30', 500),
(275, 1, 68, 575, 75, 2, '2023-04-08 18:48:57', '2023-04-08 18:48:57', 500),
(276, 1, 68, 575, 75, 1, '2023-04-08 18:49:14', '2023-04-08 18:49:14', 500),
(277, 1, 68, 575, 75, 1, '2023-04-08 18:49:49', '2023-04-08 18:49:49', 500),
(278, 1, 68, 575, 75, 1, '2023-04-08 18:50:57', '2023-04-08 18:50:57', 500),
(279, 1, 68, 575, 75, 1, '2023-04-09 00:19:44', '2023-04-09 00:19:44', 500),
(280, 1, 68, 575, 75, 2, '2023-04-09 00:26:57', '2023-04-09 00:26:57', 500),
(281, 1, 68, 575, 75, 2, '2023-04-09 00:34:27', '2023-04-09 00:34:27', 500),
(282, 1, 68, 575, 75, 2, '2023-04-09 00:44:17', '2023-04-09 00:44:17', 500),
(283, 1, 68, 1725, 225, 3, '2023-04-10 00:56:05', '2023-04-10 00:56:05', 1500),
(284, 1, 58, 0, 0, 1, '2023-04-10 01:38:37', '2023-04-10 01:38:37', 0),
(285, 1, 58, 0, 0, 1, '2023-04-10 01:39:38', '2023-04-10 01:39:38', 0),
(286, 1, 68, 0, 0, 1, '2023-04-10 01:39:45', '2023-04-10 01:39:45', 0),
(287, 1, 75, 1008, 108, 2, '2023-04-11 21:14:15', '2023-04-11 21:14:15', 900),
(288, 1, 75, 1008, 108, 2, '2023-04-11 21:22:49', '2023-04-11 21:22:49', 900),
(289, 1, 75, 1008, 108, 2, '2023-04-11 21:28:23', '2023-04-11 21:28:23', 900),
(290, 1, 75, 1008, 108, 2, '2023-04-11 21:28:46', '2023-04-11 21:28:46', 900),
(291, 1, 75, 1008, 108, 2, '2023-04-11 21:29:12', '2023-04-11 21:29:12', 900),
(292, 1, 75, 1008, 108, 2, '2023-04-11 21:29:46', '2023-04-11 21:29:46', 900),
(293, 1, 75, 1008, 108, 2, '2023-04-11 21:30:01', '2023-04-11 21:30:01', 900),
(294, 1, 75, 1008, 108, 2, '2023-04-11 21:30:15', '2023-04-11 21:30:15', 900),
(295, 1, 75, 1008, 108, 2, '2023-04-11 21:30:39', '2023-04-11 21:30:39', 900),
(296, 1, 75, 1008, 108, 2, '2023-04-11 21:43:42', '2023-04-11 21:43:42', 900),
(297, 1, 75, 1008, 108, 2, '2023-04-11 21:44:00', '2023-04-11 21:44:00', 900),
(298, 1, 75, 1008, 108, 2, '2023-04-11 21:44:51', '2023-04-11 21:44:51', 900),
(299, 1, 75, 2808, 108, 2, '2023-04-11 21:45:57', '2023-04-11 21:45:57', 2700),
(300, 1, 75, 1008, 108, 1, '2023-04-11 23:02:15', '2023-04-11 23:02:15', 900),
(301, 1, 75, 1008, 108, 1, '2023-04-11 23:03:24', '2023-04-11 23:03:24', 900),
(302, 1, 75, 1008, 108, 1, '2023-04-11 23:03:54', '2023-04-11 23:03:54', 900),
(303, 1, 75, 1008, 108, 1, '2023-04-11 23:04:36', '2023-04-11 23:04:36', 900),
(304, 1, 75, 1008, 108, 1, '2023-04-11 23:04:59', '2023-04-11 23:04:59', 900),
(305, 1, 75, 1008, 108, 2, '2023-04-12 01:35:36', '2023-04-12 01:35:36', 900),
(306, 1, 75, 1008, 108, 2, '2023-04-17 16:23:33', '2023-04-17 16:23:33', 900),
(307, 1, 75, 1008, 108, 1, '2023-04-17 16:24:25', '2023-04-17 16:24:25', 900),
(308, 1, 75, 3708, 108, 3, '2023-04-17 16:28:51', '2023-04-17 16:28:51', 3600),
(309, 1, 75, 1008, 108, 2, '2023-04-17 17:45:06', '2023-04-17 17:45:06', 900),
(310, 1, 75, 1008, 108, 1, '2023-04-18 07:19:42', '2023-04-18 07:19:42', 900),
(311, 1, 75, 1008, 108, 2, '2023-04-18 07:52:36', '2023-04-18 07:52:36', 900),
(312, 1, 75, 1008, 108, 2, '2023-04-18 07:53:07', '2023-04-18 07:53:07', 900),
(313, 1, 75, 8208, 108, 2, '2023-04-18 07:57:54', '2023-04-18 07:57:54', 8100),
(314, 104, 75, 8208, 108, 1, '2023-04-18 09:59:42', '2023-04-18 09:59:42', 8100),
(315, 104, 75, 8208, 108, 1, '2023-04-18 10:00:04', '2023-04-18 10:00:04', 8100),
(316, 1, 75, 1008, 108, 1, '2023-04-19 19:24:23', '2023-04-19 19:24:23', 900),
(317, 104, 75, 1008, 108, 1, '2023-04-19 19:25:58', '2023-04-19 19:25:58', 900);

-- --------------------------------------------------------

--
-- Table structure for table `bills_products`
--

CREATE TABLE `bills_products` (
  `id` bigint(20) UNSIGNED NOT NULL,
  `bill_id` bigint(20) UNSIGNED NOT NULL,
  `product_id` bigint(20) UNSIGNED NOT NULL,
  `quantity` int(11) DEFAULT NULL,
  `created_at` timestamp NULL DEFAULT NULL,
  `updated_at` timestamp NULL DEFAULT NULL
) ENGINE=InnoDB DEFAULT CHARSET=utf8mb4 COLLATE=utf8mb4_unicode_ci;

--
-- Dumping data for table `bills_products`
--

INSERT INTO `bills_products` (`id`, `bill_id`, `product_id`, `quantity`, `created_at`, `updated_at`) VALUES
(3, 2, 1, NULL, NULL, NULL),
(4, 2, 2, NULL, NULL, NULL),
(5, 3, 1, NULL, NULL, NULL),
(6, 3, 2, NULL, NULL, NULL),
(7, 4, 1, NULL, NULL, NULL),
(8, 4, 2, NULL, NULL, NULL),
(9, 5, 1, NULL, NULL, NULL),
(10, 5, 2, NULL, NULL, NULL),
(11, 6, 1, NULL, NULL, NULL),
(12, 6, 2, NULL, NULL, NULL),
(13, 7, 1, NULL, NULL, NULL),
(14, 7, 2, NULL, NULL, NULL),
(15, 8, 1, NULL, NULL, NULL),
(16, 8, 2, NULL, NULL, NULL),
(17, 9, 1, NULL, NULL, NULL),
(18, 10, 65, NULL, NULL, NULL),
(19, 11, 66, NULL, NULL, NULL),
(20, 12, 69, NULL, NULL, NULL),
(21, 13, 69, NULL, NULL, NULL),
(22, 14, 69, NULL, NULL, NULL),
(23, 15, 69, NULL, NULL, NULL),
(24, 16, 69, NULL, NULL, NULL),
(25, 17, 69, NULL, NULL, NULL),
(26, 18, 44, NULL, NULL, NULL),
(27, 19, 69, NULL, NULL, NULL),
(28, 20, 69, NULL, NULL, NULL),
(29, 21, 69, NULL, NULL, NULL),
(30, 22, 1, NULL, NULL, NULL),
(31, 24, 67, NULL, NULL, NULL),
(32, 24, 66, NULL, NULL, NULL),
(33, 24, 69, NULL, NULL, NULL),
(34, 25, 67, NULL, NULL, NULL),
(35, 26, 69, NULL, NULL, NULL),
(36, 27, 69, NULL, NULL, NULL),
(37, 28, 69, NULL, NULL, NULL),
(38, 29, 22, NULL, NULL, NULL),
(39, 30, 33, NULL, NULL, NULL),
(40, 31, 33, NULL, NULL, NULL),
(41, 32, 69, NULL, NULL, NULL),
(42, 33, 69, NULL, NULL, NULL),
(43, 34, 67, NULL, NULL, NULL),
(44, 35, 69, NULL, NULL, NULL),
(45, 36, 69, NULL, NULL, NULL),
(46, 37, 69, NULL, NULL, NULL),
(47, 38, 67, NULL, NULL, NULL),
(48, 39, 69, NULL, NULL, NULL),
(49, 40, 69, NULL, NULL, NULL),
(50, 41, 69, NULL, NULL, NULL),
(51, 42, 69, NULL, NULL, NULL),
(52, 43, 69, NULL, NULL, NULL),
(53, 44, 69, NULL, NULL, NULL),
(54, 45, 66, NULL, NULL, NULL),
(55, 46, 69, NULL, NULL, NULL),
(56, 47, 68, NULL, NULL, NULL),
(57, 48, 68, NULL, NULL, NULL),
(58, 49, 68, NULL, NULL, NULL),
(59, 50, 68, NULL, NULL, NULL),
(60, 51, 68, NULL, NULL, NULL),
(61, 52, 68, NULL, NULL, NULL),
(62, 53, 69, NULL, NULL, NULL),
(63, 54, 67, NULL, NULL, NULL),
(64, 55, 67, NULL, NULL, NULL),
(65, 56, 67, NULL, NULL, NULL),
(66, 57, 68, NULL, NULL, NULL),
(67, 58, 68, NULL, NULL, NULL),
(68, 59, 68, NULL, NULL, NULL),
(69, 60, 68, NULL, NULL, NULL),
(70, 61, 68, NULL, NULL, NULL),
(71, 62, 68, NULL, NULL, NULL),
(72, 63, 68, NULL, NULL, NULL),
(73, 64, 68, NULL, NULL, NULL),
(74, 65, 68, NULL, NULL, NULL),
(75, 66, 68, NULL, NULL, NULL),
(76, 67, 68, NULL, NULL, NULL),
(77, 68, 68, NULL, NULL, NULL),
(78, 69, 68, NULL, NULL, NULL),
(79, 70, 68, NULL, NULL, NULL),
(80, 71, 65, NULL, NULL, NULL),
(81, 72, 69, NULL, NULL, NULL),
(82, 73, 66, NULL, NULL, NULL),
(83, 74, 66, NULL, NULL, NULL),
(84, 75, 72, NULL, NULL, NULL),
(85, 76, 72, NULL, NULL, NULL),
(86, 77, 73, NULL, NULL, NULL),
(87, 78, 74, NULL, NULL, NULL),
(88, 79, 82, NULL, NULL, NULL),
(89, 80, 82, NULL, NULL, NULL),
(90, 81, 81, NULL, NULL, NULL),
(91, 82, 82, NULL, NULL, NULL),
(92, 83, 82, NULL, NULL, NULL),
(93, 84, 82, NULL, NULL, NULL),
(94, 85, 82, NULL, NULL, NULL),
(95, 86, 82, NULL, NULL, NULL),
(96, 87, 82, NULL, NULL, NULL),
(97, 88, 82, NULL, NULL, NULL),
(98, 89, 82, NULL, NULL, NULL),
(99, 90, 82, NULL, NULL, NULL),
(100, 91, 82, NULL, NULL, NULL),
(101, 92, 82, NULL, NULL, NULL),
(102, 93, 82, NULL, NULL, NULL),
(103, 94, 82, NULL, NULL, NULL),
(104, 95, 81, NULL, NULL, NULL),
(105, 96, 82, NULL, NULL, NULL),
(106, 97, 82, NULL, NULL, NULL),
(107, 98, 82, NULL, NULL, NULL),
(108, 99, 82, NULL, NULL, NULL),
(109, 100, 82, NULL, NULL, NULL),
(110, 101, 82, NULL, NULL, NULL),
(111, 102, 82, NULL, NULL, NULL),
(112, 103, 81, NULL, NULL, NULL),
(113, 104, 81, NULL, NULL, NULL),
(114, 105, 81, NULL, NULL, NULL),
(115, 106, 81, NULL, NULL, NULL),
(116, 107, 81, NULL, NULL, NULL),
(117, 108, 81, NULL, NULL, NULL),
(118, 109, 81, NULL, NULL, NULL),
(119, 110, 81, NULL, NULL, NULL),
(120, 111, 81, NULL, NULL, NULL),
(121, 112, 83, NULL, NULL, NULL),
(122, 113, 81, NULL, NULL, NULL),
(123, 114, 81, NULL, NULL, NULL),
(124, 115, 82, NULL, NULL, NULL),
(125, 116, 82, NULL, NULL, NULL),
(126, 117, 82, NULL, NULL, NULL),
(127, 118, 82, NULL, NULL, NULL),
(128, 119, 82, NULL, NULL, NULL),
(129, 120, 82, NULL, NULL, NULL),
(130, 121, 82, NULL, NULL, NULL),
(131, 122, 1, 2, NULL, NULL),
(132, 123, 1, 2, NULL, NULL),
(133, 124, 1, 1, NULL, NULL),
(134, 125, 85, 10, NULL, NULL),
(135, 135, 85, 10, NULL, NULL),
(136, 138, 86, 10, NULL, NULL),
(137, 139, 85, 3, NULL, NULL),
(138, 140, 85, 3, NULL, NULL),
(139, 141, 85, 10, NULL, NULL),
(140, 141, 85, 5, NULL, NULL),
(141, 158, 84, 10, NULL, NULL),
(142, 159, 84, 10, NULL, NULL),
(143, 160, 81, 5, NULL, NULL),
(144, 160, 84, 1, NULL, NULL),
(145, 160, 82, 1, NULL, NULL),
(146, 160, 86, 1, NULL, NULL),
(147, 160, 85, 1, NULL, NULL),
(148, 161, 81, 5, NULL, NULL),
(149, 161, 84, 1, NULL, NULL),
(150, 161, 82, 1, NULL, NULL),
(151, 161, 86, 1, NULL, NULL),
(152, 161, 85, 1, NULL, NULL),
(153, 162, 81, 5, NULL, NULL),
(154, 162, 84, 1, NULL, NULL),
(155, 162, 82, 1, NULL, NULL),
(156, 162, 86, 1, NULL, NULL),
(157, 162, 85, 1, NULL, NULL),
(158, 163, 81, 5, NULL, NULL),
(159, 163, 84, 1, NULL, NULL),
(160, 163, 82, 1, NULL, NULL),
(161, 163, 86, 1, NULL, NULL),
(162, 163, 85, 1, NULL, NULL),
(163, 164, 81, 5, NULL, NULL),
(164, 164, 84, 1, NULL, NULL),
(165, 164, 82, 1, NULL, NULL),
(166, 164, 86, 1, NULL, NULL),
(167, 164, 85, 1, NULL, NULL),
(168, 165, 81, 5, NULL, NULL),
(169, 165, 84, 1, NULL, NULL),
(170, 165, 82, 1, NULL, NULL),
(171, 165, 86, 1, NULL, NULL),
(172, 165, 85, 1, NULL, NULL),
(173, 166, 81, 5, NULL, NULL),
(174, 166, 84, 1, NULL, NULL),
(175, 166, 82, 1, NULL, NULL),
(176, 166, 86, 1, NULL, NULL),
(177, 166, 85, 1, NULL, NULL),
(178, 167, 81, 5, NULL, NULL),
(179, 167, 84, 1, NULL, NULL),
(180, 167, 82, 1, NULL, NULL),
(181, 167, 86, 1, NULL, NULL),
(182, 167, 85, 1, NULL, NULL),
(183, 168, 81, 20, NULL, NULL),
(184, 168, 84, 1, NULL, NULL),
(185, 168, 82, 1, NULL, NULL),
(186, 168, 86, 1, NULL, NULL),
(187, 168, 85, 1, NULL, NULL),
(188, 169, 85, 3, NULL, NULL),
(189, 169, 81, 1, NULL, NULL),
(190, 169, 84, 1, NULL, NULL),
(191, 169, 82, 1, NULL, NULL),
(192, 169, 86, 1, NULL, NULL),
(193, 170, 86, 1, NULL, NULL),
(194, 170, 84, 1, NULL, NULL),
(195, 170, 82, 1, NULL, NULL),
(196, 170, 81, 1, NULL, NULL),
(197, 170, 85, 1, NULL, NULL),
(198, 171, 86, 3, NULL, NULL),
(199, 171, 82, 1, NULL, NULL),
(200, 171, 81, 1, NULL, NULL),
(201, 171, 85, 1, NULL, NULL),
(202, 171, 84, 1, NULL, NULL),
(203, 172, 81, 1, NULL, NULL),
(204, 172, 82, 1, NULL, NULL),
(205, 172, 84, 1, NULL, NULL),
(206, 172, 86, 1, NULL, NULL),
(207, 172, 85, 1, NULL, NULL),
(208, 173, 82, 1, NULL, NULL),
(209, 173, 84, 1, NULL, NULL),
(210, 173, 81, 1, NULL, NULL),
(211, 173, 85, 1, NULL, NULL),
(212, 173, 86, 1, NULL, NULL),
(213, 174, 85, 10, NULL, NULL),
(214, 175, 82, 3, NULL, NULL),
(215, 175, 81, 3, NULL, NULL),
(216, 176, 81, 1, NULL, NULL),
(217, 177, 81, 5, NULL, NULL),
(218, 177, 82, 1, NULL, NULL),
(219, 177, 84, 1, NULL, NULL),
(220, 177, 85, 1, NULL, NULL),
(221, 177, 86, 1, NULL, NULL),
(222, 178, 81, 1, NULL, NULL),
(223, 179, 81, 1, NULL, NULL),
(224, 180, 81, 3, NULL, NULL),
(225, 180, 82, 4, NULL, NULL),
(226, 181, 81, 1, NULL, NULL),
(227, 181, 82, 1, NULL, NULL),
(228, 181, 84, 1, NULL, NULL),
(229, 181, 86, 1, NULL, NULL),
(230, 181, 85, 1, NULL, NULL),
(231, 182, 81, 1, NULL, NULL),
(232, 183, 81, 1, NULL, NULL),
(233, 184, 85, 2, NULL, NULL),
(234, 184, 82, 2, NULL, NULL),
(235, 185, 86, 1, NULL, NULL),
(236, 185, 85, 1, NULL, NULL),
(237, 186, 86, 1, NULL, NULL),
(238, 186, 82, 1, NULL, NULL),
(239, 186, 81, 1, NULL, NULL),
(240, 186, 85, 1, NULL, NULL),
(241, 187, 82, 1, NULL, NULL),
(242, 188, 86, 1, NULL, NULL),
(243, 189, 86, 1, NULL, NULL),
(244, 189, 82, 1, NULL, NULL),
(245, 189, 81, 1, NULL, NULL),
(246, 190, 86, 1, NULL, NULL),
(247, 190, 82, 1, NULL, NULL),
(248, 190, 81, 1, NULL, NULL),
(249, 191, 85, 10, NULL, NULL),
(250, 192, 86, 1, NULL, NULL),
(251, 192, 82, 1, NULL, NULL),
(252, 192, 81, 1, NULL, NULL),
(253, 193, 86, 1, NULL, NULL),
(254, 193, 82, 1, NULL, NULL),
(255, 193, 81, 1, NULL, NULL),
(256, 194, 86, 1, NULL, NULL),
(257, 194, 82, 1, NULL, NULL),
(258, 194, 81, 1, NULL, NULL),
(259, 195, 86, 1, NULL, NULL),
(260, 195, 84, 1, NULL, NULL),
(261, 196, 85, 10, NULL, NULL),
(262, 197, 85, 10, NULL, NULL),
(263, 197, 85, 10, NULL, NULL),
(264, 197, 85, 10, NULL, NULL),
(265, 197, 85, 10, NULL, NULL),
(266, 198, 86, 1, NULL, NULL),
(267, 198, 85, 1, NULL, NULL),
(268, 198, 81, 4, NULL, NULL),
(269, 198, 84, 3, NULL, NULL),
(270, 198, 82, 1, NULL, NULL),
(271, 199, 86, 1, NULL, NULL),
(272, 199, 85, 1, NULL, NULL),
(273, 199, 81, 1, NULL, NULL),
(274, 199, 84, 1, NULL, NULL),
(275, 199, 82, 7, NULL, NULL),
(276, 200, 85, 1, NULL, NULL),
(277, 200, 86, 1, NULL, NULL),
(278, 201, 86, 1, NULL, NULL),
(279, 201, 85, 1, NULL, NULL),
(280, 202, 86, 1, NULL, NULL),
(281, 202, 85, 1, NULL, NULL),
(282, 203, 86, 1, NULL, NULL),
(283, 203, 85, 1, NULL, NULL),
(284, 203, 81, 1, NULL, NULL),
(285, 204, 85, 1, NULL, NULL),
(286, 204, 82, 1, NULL, NULL),
(287, 204, 86, 1, NULL, NULL),
(288, 205, 86, 1, NULL, NULL),
(289, 205, 85, 1, NULL, NULL),
(290, 206, 85, 1, NULL, NULL),
(291, 206, 86, 1, NULL, NULL),
(292, 206, 82, 1, NULL, NULL),
(293, 207, 85, 1, NULL, NULL),
(294, 207, 86, 1, NULL, NULL),
(295, 208, 85, 1, NULL, NULL),
(296, 209, 86, 1, NULL, NULL),
(297, 209, 85, 1, NULL, NULL),
(298, 210, 85, 1, NULL, NULL),
(299, 210, 86, 1, NULL, NULL),
(300, 211, 85, 1, NULL, NULL),
(301, 211, 86, 1, NULL, NULL),
(302, 212, 86, 10, NULL, NULL),
(303, 212, 82, 10, NULL, NULL),
(304, 212, 81, 11, NULL, NULL),
(305, 212, 85, 11, NULL, NULL),
(306, 212, 84, 12, NULL, NULL),
(307, 213, 86, 1, NULL, NULL),
(308, 213, 85, 1, NULL, NULL),
(309, 213, 81, 1, NULL, NULL),
(310, 213, 82, 1, NULL, NULL),
(311, 213, 84, 1, NULL, NULL),
(312, 214, 86, 1, NULL, NULL),
(313, 224, 1, 1, NULL, NULL),
(314, 225, 86, 1, NULL, NULL),
(315, 225, 85, 1, NULL, NULL),
(316, 225, 84, 1, NULL, NULL),
(317, 225, 81, 1, NULL, NULL),
(318, 226, 85, 1, NULL, NULL),
(319, 226, 86, 1, NULL, NULL),
(320, 226, 82, 1, NULL, NULL),
(321, 226, 84, 1, NULL, NULL),
(322, 226, 81, 1, NULL, NULL),
(323, 227, 81, 2, NULL, NULL),
(324, 227, 82, 2, NULL, NULL),
(325, 227, 84, 2, NULL, NULL),
(326, 227, 85, 1, NULL, NULL),
(327, 227, 86, 2, NULL, NULL),
(328, 228, 81, 1, NULL, NULL),
(329, 228, 85, 1, NULL, NULL),
(330, 228, 86, 1, NULL, NULL),
(331, 228, 82, 1, NULL, NULL),
(332, 228, 84, 1, NULL, NULL),
(333, 229, 85, 1, NULL, NULL),
(334, 229, 86, 1, NULL, NULL),
(335, 229, 81, 1, NULL, NULL),
(336, 229, 82, 1, NULL, NULL),
(337, 229, 84, 1, NULL, NULL),
(338, 230, 85, 2, NULL, NULL),
(339, 230, 83, 2, NULL, NULL),
(340, 231, 85, 1, NULL, NULL),
(341, 232, 81, 1, NULL, NULL),
(342, 232, 86, 2, NULL, NULL),
(343, 233, 93, 1, NULL, NULL),
(344, 234, 81, 1, NULL, NULL),
(345, 234, 82, 1, NULL, NULL),
(346, 235, 86, 1, NULL, NULL),
(347, 236, 86, 1, NULL, NULL),
(348, 236, 85, 1, NULL, NULL),
(349, 237, 85, 1, NULL, NULL),
(350, 238, 86, 2, NULL, NULL),
(351, 239, 82, 2, NULL, NULL),
(352, 239, 83, 2, NULL, NULL),
(353, 240, 85, 1, NULL, NULL),
(354, 240, 86, 2, NULL, NULL),
(355, 241, 94, 10, NULL, NULL),
(356, 242, 95, 20, NULL, NULL),
(357, 243, 95, 1, NULL, NULL),
(358, 244, 95, 1, NULL, NULL),
(359, 245, 95, 1, NULL, NULL),
(360, 246, 95, 2, NULL, NULL),
(361, 247, 95, 1, NULL, NULL),
(362, 248, 95, 1, NULL, NULL),
(363, 249, 95, 1, NULL, NULL),
(364, 250, 95, 1, NULL, NULL),
(365, 251, 95, 1, NULL, NULL),
(366, 252, 95, 1, NULL, NULL),
(367, 253, 96, 3, NULL, NULL),
(368, 254, 96, 3, NULL, NULL),
(369, 255, 97, 1, NULL, NULL),
(370, 256, 96, 1, NULL, NULL),
(371, 256, 97, 1, NULL, NULL),
(372, 256, 98, 1, NULL, NULL),
(373, 256, 99, 1, NULL, NULL),
(374, 257, 99, 1, NULL, NULL),
(375, 258, 97, 1, NULL, NULL),
(376, 258, 98, 2, NULL, NULL),
(377, 258, 96, 2, NULL, NULL),
(378, 258, 99, 2, NULL, NULL),
(379, 259, 96, 1, NULL, NULL),
(380, 259, 97, 1, NULL, NULL),
(381, 260, 96, 1, NULL, NULL),
(382, 260, 97, 1, NULL, NULL),
(383, 260, 99, 1, NULL, NULL),
(384, 261, 100, 1, NULL, NULL),
(385, 262, 100, 1, NULL, NULL),
(386, 263, 100, 3, NULL, NULL),
(387, 264, 100, 1, NULL, NULL),
(388, 265, 100, 1, NULL, NULL),
(389, 266, 100, 1, NULL, NULL),
(390, 267, 100, 1, NULL, NULL),
(391, 268, 100, 1, NULL, NULL),
(392, 269, 100, 3, NULL, NULL),
(393, 270, 100, 1, NULL, NULL),
(394, 271, 100, 1, NULL, NULL),
(395, 272, 100, 1, NULL, NULL),
(396, 272, 101, 1, NULL, NULL),
(397, 273, 100, 1, NULL, NULL),
(398, 274, 100, 1, NULL, NULL),
(399, 275, 100, 1, NULL, NULL),
(400, 276, 100, 1, NULL, NULL),
(401, 277, 100, 1, NULL, NULL),
(402, 278, 100, 1, NULL, NULL),
(403, 279, 100, 1, NULL, NULL),
(404, 280, 100, 1, NULL, NULL),
(405, 281, 100, 1, NULL, NULL),
(406, 282, 100, 1, NULL, NULL),
(407, 283, 100, 1, NULL, NULL),
(408, 283, 101, 1, NULL, NULL),
(409, 284, 85, 10, NULL, NULL),
(410, 285, 85, 10, NULL, NULL),
(411, 286, 85, 10, NULL, NULL),
(412, 287, 102, 1, NULL, NULL),
(413, 288, 102, 1, NULL, NULL),
(414, 289, 102, 1, NULL, NULL),
(415, 290, 102, 1, NULL, NULL),
(416, 291, 102, 1, NULL, NULL),
(417, 292, 102, 1, NULL, NULL),
(418, 293, 102, 1, NULL, NULL),
(419, 294, 102, 1, NULL, NULL),
(420, 295, 102, 1, NULL, NULL),
(421, 296, 102, 1, NULL, NULL),
(422, 297, 102, 1, NULL, NULL),
(423, 298, 102, 1, NULL, NULL),
(424, 299, 102, 3, NULL, NULL),
(425, 300, 102, 1, NULL, NULL),
(426, 301, 102, 1, NULL, NULL),
(427, 302, 102, 1, NULL, NULL),
(428, 303, 102, 1, NULL, NULL),
(429, 304, 102, 1, NULL, NULL),
(430, 305, 102, 1, NULL, NULL),
(431, 306, 102, 1, NULL, NULL),
(432, 307, 102, 1, NULL, NULL),
(433, 308, 102, 4, NULL, NULL),
(434, 309, 102, 1, NULL, NULL),
(435, 310, 102, 1, NULL, NULL),
(436, 311, 102, 1, NULL, NULL),
(437, 312, 102, 1, NULL, NULL),
(438, 313, 102, 9, NULL, NULL),
(439, 314, 102, 9, NULL, NULL),
(440, 315, 102, 9, NULL, NULL),
(441, 316, 102, 1, NULL, NULL),
(442, 317, 102, 1, NULL, NULL);

-- --------------------------------------------------------

--
-- Table structure for table `categories`
--

CREATE TABLE `categories` (
  `id` bigint(20) UNSIGNED NOT NULL,
  `company_id` bigint(20) UNSIGNED NOT NULL DEFAULT 0,
  `title` varchar(255) NOT NULL,
  `created_at` timestamp NULL DEFAULT NULL,
  `updated_at` timestamp NULL DEFAULT NULL,
  `deleted_at` timestamp NULL DEFAULT NULL
) ENGINE=InnoDB DEFAULT CHARSET=utf8mb4 COLLATE=utf8mb4_unicode_ci;

--
-- Dumping data for table `categories`
--

INSERT INTO `categories` (`id`, `company_id`, `title`, `created_at`, `updated_at`, `deleted_at`) VALUES
(2, 33, 'butger', '2023-02-03 23:11:25', '2023-03-06 00:08:08', NULL),
(3, 33, 'tona', '2023-02-03 23:11:51', '2023-03-06 00:08:08', NULL),
(4, 33, 'tona', '2023-02-07 11:26:35', '2023-03-06 00:08:08', NULL),
(5, 33, 'beef', '2023-02-08 12:36:11', '2023-03-06 00:08:08', NULL),
(7, 33, 'tonaaaa', '2023-02-10 16:52:10', '2023-03-06 00:08:08', NULL),
(8, 33, 'tonaaaa', '2023-02-10 17:03:25', '2023-03-06 00:08:08', NULL),
(9, 33, 'tonaaaa', '2023-02-10 17:03:26', '2023-03-06 00:08:08', NULL),
(10, 33, 'tonaaaa', '2023-02-10 17:03:28', '2023-03-06 00:08:08', NULL),
(11, 33, 'tonaaaa', '2023-02-10 17:04:36', '2023-03-06 00:08:08', NULL),
(12, 33, 'tonaaaa', '2023-02-10 17:04:37', '2023-03-06 00:08:08', NULL),
(13, 33, 'tonaaaa', '2023-02-10 17:04:49', '2023-03-06 00:08:08', NULL),
(14, 33, 'tonaaaa', '2023-02-10 17:05:11', '2023-03-06 00:08:08', NULL),
(15, 33, 'tonaaaa', '2023-02-10 17:05:12', '2023-03-06 00:08:08', NULL),
(16, 33, 'tonaaaa', '2023-02-10 17:05:13', '2023-03-06 00:08:08', NULL),
(17, 33, 'tonaaaa', '2023-02-10 17:05:15', '2023-03-06 00:08:08', NULL),
(18, 33, 'tonaaaa', '2023-02-10 17:05:16', '2023-03-06 00:08:08', NULL),
(19, 33, 'a7a', '2023-02-10 17:12:38', '2023-03-06 00:08:08', NULL),
(20, 33, 'a7a', '2023-02-10 17:12:41', '2023-03-06 00:08:08', NULL),
(21, 33, 'a7a', '2023-02-10 17:12:45', '2023-03-06 00:08:08', NULL),
(22, 33, 'a7a', '2023-02-10 17:12:46', '2023-03-06 00:08:08', NULL),
(23, 33, 'a7a', '2023-02-10 17:12:47', '2023-03-06 00:08:08', NULL),
(24, 33, 'a7a', '2023-02-10 17:12:51', '2023-03-06 00:08:08', NULL),
(25, 33, 'a7a', '2023-02-10 17:12:53', '2023-03-06 00:08:08', NULL),
(26, 33, 'zzz', '2023-02-10 17:13:03', '2023-03-06 00:08:08', NULL),
(27, 33, 'zzz', '2023-02-10 17:13:05', '2023-03-06 00:08:08', NULL),
(28, 33, 'zzz', '2023-02-10 17:13:06', '2023-03-06 00:08:08', NULL),
(29, 33, 'tonaaaa', '2023-02-10 17:32:55', '2023-03-06 00:08:08', NULL),
(30, 33, 'tonaaaa', '2023-02-10 17:32:56', '2023-03-06 00:08:08', NULL),
(31, 33, 'tonaaaa', '2023-02-10 17:32:57', '2023-03-06 00:08:08', NULL),
(32, 33, 'tonaaaa', '2023-02-10 17:32:58', '2023-03-06 00:08:08', NULL),
(33, 33, 'tonaaaa', '2023-02-10 17:32:59', '2023-03-06 00:08:08', NULL),
(34, 33, 'tonaaaa', '2023-02-10 17:33:03', '2023-03-06 00:08:08', NULL),
(35, 33, 'tonaaaa', '2023-02-10 17:33:04', '2023-03-06 00:08:08', NULL),
(36, 33, 'tonaaaa', '2023-02-10 17:33:06', '2023-03-06 00:08:08', NULL),
(37, 33, 'tonaaaa', '2023-02-10 17:33:08', '2023-03-06 00:08:08', NULL),
(38, 33, 'tonaaaa', '2023-02-10 17:33:10', '2023-03-06 00:08:08', NULL),
(39, 33, 'tonaaaa', '2023-02-10 17:33:14', '2023-03-06 00:08:08', NULL),
(40, 33, 'tonaaaa', '2023-02-10 17:33:17', '2023-03-06 00:08:08', NULL),
(41, 33, 'tonaaaa', '2023-02-10 17:33:19', '2023-03-06 00:08:08', NULL),
(42, 33, 'tonaaaa', '2023-02-10 17:33:21', '2023-03-06 00:08:08', NULL),
(43, 33, 'tonaaaa', '2023-02-10 17:33:22', '2023-03-06 00:08:08', NULL),
(44, 33, 'tonaaaa', '2023-02-10 17:33:24', '2023-03-06 00:08:08', NULL),
(45, 33, 'tonaaaa', '2023-02-10 17:33:25', '2023-03-06 00:08:08', NULL),
(46, 33, 'tonaaaa', '2023-02-10 17:33:27', '2023-03-06 00:08:08', NULL),
(47, 33, 'tonaaaa', '2023-02-10 17:33:34', '2023-03-06 00:08:08', NULL),
(48, 33, 'tonaaaa', '2023-02-10 17:33:36', '2023-03-06 00:08:08', NULL),
(49, 33, 'tonaaaa', '2023-02-10 17:33:43', '2023-03-06 00:08:08', NULL),
(50, 33, 'tonaaaa', '2023-02-10 17:46:35', '2023-03-06 00:08:08', NULL),
(51, 33, 'a7aaaaaa', '2023-02-10 17:46:44', '2023-03-06 00:08:08', NULL),
(52, 33, 'a7aaaaaa', '2023-02-10 17:46:45', '2023-03-06 00:08:08', NULL),
(53, 33, 'a7aaaaaa', '2023-02-10 17:46:46', '2023-03-06 00:08:08', NULL),
(54, 33, 'a7aaaaaa', '2023-02-10 17:46:48', '2023-03-06 00:08:08', NULL),
(55, 33, 'a7aaaaaa', '2023-02-10 17:46:49', '2023-03-06 00:08:08', NULL),
(56, 33, 'a7aaaaaa', '2023-02-10 17:46:50', '2023-03-06 00:08:08', NULL),
(57, 33, 'a7aaaaaa', '2023-02-10 17:46:52', '2023-03-06 00:08:08', NULL),
(58, 33, 'tona', '2023-02-13 21:27:28', '2023-03-06 00:08:08', NULL),
(59, 33, 'tona', '2023-02-13 21:27:30', '2023-03-06 00:08:08', NULL),
(60, 33, 'tona', '2023-02-13 21:27:31', '2023-03-06 00:08:08', NULL),
(61, 33, 'tona', '2023-02-13 21:27:32', '2023-03-06 00:08:08', NULL),
(62, 33, 'tona', '2023-02-13 21:27:34', '2023-03-06 00:08:08', NULL),
(63, 33, 'tona', '2023-02-13 21:27:35', '2023-03-06 00:08:08', NULL),
(64, 33, 'tonazzzz', '2023-02-13 21:28:24', '2023-03-06 00:08:08', NULL),
(65, 33, '555555', '2023-02-13 21:29:02', '2023-03-06 00:08:08', NULL),
(66, 33, 'tonazzzz', '2023-02-13 21:33:02', '2023-03-06 00:08:08', NULL),
(67, 33, 'tonazzzz', '2023-02-14 14:04:23', '2023-03-06 00:08:08', NULL),
(68, 33, 'tonazzzz', '2023-02-14 14:04:25', '2023-03-06 00:08:08', NULL),
(69, 33, 'tonazzzz', '2023-02-14 14:04:27', '2023-03-06 00:08:08', NULL),
(70, 33, 'tetoooooo', '2023-02-14 14:04:38', '2023-03-06 00:08:08', NULL),
(71, 33, 'hay suger', '2023-02-14 14:04:49', '2023-03-06 00:08:08', NULL),
(72, 33, 'hay suger', '2023-02-14 14:24:00', '2023-03-06 00:08:08', NULL),
(73, 33, 'hay suger', '2023-02-14 14:24:01', '2023-03-06 00:08:08', NULL),
(74, 33, 'hay suger', '2023-02-14 14:24:03', '2023-03-06 00:08:08', NULL),
(75, 33, 'hay suger', '2023-02-14 14:24:05', '2023-03-06 00:08:08', NULL),
(76, 33, 'hay suger', '2023-02-14 14:24:07', '2023-03-06 00:08:08', NULL),
(77, 33, 'hay suger', '2023-02-14 14:24:08', '2023-03-06 00:08:08', NULL),
(78, 33, 'hay suger', '2023-02-14 14:24:10', '2023-03-06 00:08:08', NULL),
(79, 33, 'hay suger', '2023-02-14 14:24:11', '2023-03-06 00:08:08', NULL),
(80, 33, 'hay suger', '2023-02-14 14:24:12', '2023-03-06 00:08:08', NULL),
(81, 33, 'hay suger', '2023-02-14 14:24:13', '2023-03-06 00:08:08', NULL),
(82, 33, 'hay suger', '2023-02-14 14:24:14', '2023-03-06 00:08:08', NULL),
(83, 33, 'xxxxx', '2023-02-14 15:46:21', '2023-03-06 00:08:08', NULL),
(84, 33, 'xxxxx', '2023-02-14 15:47:51', '2023-03-06 00:08:08', NULL),
(85, 33, 'xxxxx', '2023-02-14 15:48:04', '2023-03-06 00:08:08', NULL),
(86, 33, 'xxxxx', '2023-02-14 15:51:14', '2023-03-06 00:08:08', NULL),
(87, 33, 'xxxxx', '2023-02-14 15:51:16', '2023-03-06 00:08:08', NULL),
(88, 33, 'xxxxx', '2023-02-14 15:54:59', '2023-03-06 00:08:08', NULL),
(89, 33, 'xxxxx', '2023-02-14 15:55:01', '2023-03-06 00:08:08', NULL),
(118, 33, 'test', '2023-02-15 23:55:00', '2023-03-06 00:08:08', NULL),
(119, 33, 'tona', '2023-02-15 23:55:46', '2023-03-06 00:08:08', NULL),
(120, 33, 'tona', '2023-02-15 23:55:47', '2023-03-06 00:08:08', NULL),
(121, 33, 'tona', '2023-02-15 23:55:50', '2023-03-06 00:08:08', NULL),
(122, 33, 'tona', '2023-02-15 23:55:52', '2023-03-06 00:08:08', NULL),
(123, 33, 'tona', '2023-02-15 23:55:53', '2023-03-06 00:08:08', NULL),
(124, 33, 'test', '2023-02-16 02:17:29', '2023-03-06 00:08:08', NULL),
(125, 33, 'test', '2023-02-16 05:28:27', '2023-03-06 00:08:08', NULL),
(126, 33, 'test', '2023-02-16 05:28:28', '2023-03-06 00:08:08', NULL),
(127, 33, 'test', '2023-02-16 05:28:29', '2023-03-06 00:08:08', NULL),
(128, 33, 'test', '2023-02-16 05:28:31', '2023-03-06 00:08:08', NULL),
(129, 33, 'test', '2023-02-16 05:28:32', '2023-03-06 00:08:08', NULL),
(130, 33, 'wewwwwww', '2023-02-16 21:46:32', '2023-03-06 00:08:08', NULL),
(131, 33, 'nasr', '2023-02-16 22:01:14', '2023-03-06 00:08:08', NULL),
(132, 33, '....lklk', '2023-02-16 22:05:44', '2023-03-06 00:08:08', NULL),
(134, 33, 'he s that', '2023-02-17 02:33:05', '2023-03-06 00:08:08', NULL),
(137, 33, 'Drinks', '2023-02-17 17:10:01', '2023-03-06 00:08:08', NULL),
(138, 33, 'Food', '2023-02-17 17:10:11', '2023-03-06 00:08:08', NULL),
(139, 33, 'Furtis', '2023-02-17 17:10:24', '2023-03-06 00:08:08', NULL),
(140, 33, 'dggg', '2023-02-20 22:02:41', '2023-03-06 00:08:08', NULL),
(141, 33, 'jhccc,', '2023-02-20 22:03:10', '2023-03-06 00:08:08', NULL),
(142, 33, 'ruyefgg', '2023-02-20 22:03:33', '2023-03-06 00:08:08', NULL),
(143, 33, 'hgfrrrr', '2023-02-20 22:08:39', '2023-03-06 00:08:08', NULL),
(144, 33, 'wwwww', '2023-02-21 22:05:31', '2023-03-06 00:08:08', NULL),
(145, 33, 'weewewew', '2023-02-21 22:05:39', '2023-03-06 00:08:08', NULL),
(146, 33, 'ssssss', '2023-02-21 22:27:41', '2023-03-06 00:08:08', NULL),
(147, 33, 'fsgsffgs', '2023-02-21 22:28:20', '2023-03-06 00:08:08', NULL),
(148, 33, 'sdfsfs', '2023-02-21 22:28:25', '2023-03-06 00:08:08', NULL),
(149, 33, 'sfsdfs', '2023-02-21 22:28:34', '2023-03-06 00:08:08', NULL),
(150, 33, 'sdfdsfds', '2023-02-21 22:28:40', '2023-03-06 00:08:08', NULL),
(151, 33, 'sdfsfsd', '2023-02-21 22:28:44', '2023-03-06 00:08:08', NULL),
(152, 33, 'qqq', '2023-02-22 21:23:22', '2023-03-06 00:08:08', NULL),
(156, 33, 'sdfsfsdf', '2023-03-03 21:34:07', '2023-03-06 00:08:08', NULL),
(157, 33, 'xx', '2023-03-04 17:08:04', '2023-03-06 00:08:08', NULL),
(158, 33, 'xxx', '2023-03-04 17:10:01', '2023-03-06 00:08:08', NULL),
(159, 33, 'to Idaho', '2023-03-04 17:10:07', '2023-03-06 00:08:08', NULL),
(160, 33, 'test', '2023-03-04 22:46:56', '2023-03-06 00:08:08', NULL),
(161, 33, 'eeee', '2023-03-04 22:48:58', '2023-03-06 00:08:08', NULL),
(163, 33, '222', '2023-03-04 22:52:42', '2023-03-06 00:08:08', NULL),
(165, 33, 'wwww', '2023-03-04 22:53:59', '2023-03-06 00:08:08', NULL),
(166, 33, 'evxcv', '2023-03-04 22:54:17', '2023-03-06 00:08:08', NULL),
(167, 33, 'ممم', '2023-03-05 00:42:07', '2023-03-06 00:08:08', NULL),
(169, 33, 'عصائر', '2023-03-05 16:09:53', '2023-03-06 00:08:08', NULL),
(170, 33, 'uuuu', '2023-03-05 19:13:02', '2023-03-06 00:08:08', NULL),
(171, 44, 'شسسشسش', '2023-03-06 00:32:47', '2023-03-06 00:38:17', '2023-03-06 00:38:17'),
(172, 55, 'tona', '2023-03-06 17:16:25', '2023-03-06 17:18:50', '2023-03-06 17:18:50'),
(173, 56, 'did', '2023-03-06 18:34:08', '2023-03-06 18:34:08', NULL),
(174, 57, '222', '2023-03-06 20:04:44', '2023-03-06 21:18:11', '2023-03-06 21:18:11'),
(175, 57, 'wfefe', '2023-03-06 21:19:43', '2023-03-06 21:20:08', '2023-03-06 21:20:08'),
(176, 57, 'tttttt', '2023-03-06 21:25:26', '2023-03-06 21:35:01', '2023-03-06 21:35:01'),
(177, 58, 'them', '2023-03-06 23:30:56', '2023-04-03 22:50:37', '2023-04-03 22:50:37'),
(178, 58, 'yes', '2023-03-06 23:31:01', '2023-04-03 22:50:37', '2023-04-03 22:50:37'),
(179, 58, 'sssss', '2023-03-07 18:07:42', '2023-04-03 22:50:37', '2023-04-03 22:50:37'),
(180, 58, 'ccccc', '2023-03-07 18:08:06', '2023-04-03 22:50:37', '2023-04-03 22:50:37'),
(181, 58, 'wfwefwef', '2023-03-07 18:08:47', '2023-04-03 22:50:37', '2023-04-03 22:50:37'),
(182, 58, 'ddddd', '2023-03-07 18:08:50', '2023-04-03 22:50:37', '2023-04-03 22:50:37'),
(183, 58, 'tolba', '2023-03-07 18:10:08', '2023-03-15 04:43:27', '2023-03-15 04:43:27'),
(184, 58, 'مواد تنظيف', '2023-03-12 12:49:01', '2023-04-03 22:50:37', '2023-04-03 22:50:37'),
(185, 61, 'PC', '2023-03-21 14:43:17', '2023-03-21 14:43:17', NULL),
(186, 61, 'Mobile\'s', '2023-03-21 14:43:24', '2023-03-21 14:43:24', NULL),
(187, 58, 'sssss', '2023-03-21 15:52:15', '2023-04-03 22:50:37', '2023-04-03 22:50:37'),
(188, 58, 'ثفعهتة', '2023-03-21 15:53:12', '2023-04-03 22:50:37', '2023-04-03 22:50:37'),
(189, 63, 'eh h', '2023-03-27 05:39:56', '2023-03-27 06:22:42', '2023-03-27 06:22:42'),
(190, 65, 'ddd', '2023-03-28 21:43:29', '2023-03-28 21:43:29', NULL),
(191, 67, 'مواد تموينية', '2023-03-29 00:26:30', '2023-04-03 22:52:22', '2023-04-03 22:52:22'),
(192, 68, 'العاب', '2023-04-03 22:53:19', '2023-04-11 03:26:44', '2023-04-11 03:26:44'),
(193, 68, 'hjhhjh', '2023-04-08 00:26:51', '2023-04-11 03:26:44', '2023-04-11 03:26:44'),
(194, 68, 'tona', '2023-04-10 01:39:30', '2023-04-11 03:26:44', '2023-04-11 03:26:44'),
(195, 72, 'gnhhhhj', '2023-04-11 03:30:12', '2023-04-11 04:57:58', '2023-04-11 04:57:58'),
(196, 75, 'sss', '2023-04-11 21:11:13', '2023-04-11 21:11:13', NULL);

-- --------------------------------------------------------

--
-- Table structure for table `clients`
--

CREATE TABLE `clients` (
  `id` bigint(20) UNSIGNED NOT NULL,
  `created_at` timestamp NULL DEFAULT NULL,
  `updated_at` timestamp NULL DEFAULT NULL,
  `name` text NOT NULL,
  `phone` text NOT NULL,
  `tax_number` bigint(20) DEFAULT NULL,
  `company_id` bigint(20) UNSIGNED NOT NULL
) ENGINE=InnoDB DEFAULT CHARSET=utf8mb4 COLLATE=utf8mb4_unicode_ci;

--
-- Dumping data for table `clients`
--

INSERT INTO `clients` (`id`, `created_at`, `updated_at`, `name`, `phone`, `tax_number`, `company_id`) VALUES
(1, '2023-02-03 23:24:31', '2023-02-03 23:24:31', 'amr', '01020159660', 0, 2),
(2, '2023-02-15 14:37:13', '2023-02-15 14:37:13', 'amr', '01020159660', 0, 2),
(3, '2023-02-15 14:44:44', '2023-02-15 14:44:44', 'amr', '01020159660', NULL, 2),
(49, '2023-03-02 22:31:58', '2023-03-02 22:31:58', 'محمد', '0780997333', NULL, 17),
(50, '2023-03-02 22:32:28', '2023-03-02 22:32:28', 'خالد', '0780997333', NULL, 17),
(51, '2023-03-02 22:32:42', '2023-03-02 22:32:42', 'موسى', '0780997333', NULL, 17),
(53, '2023-03-03 18:40:41', '2023-03-03 18:40:41', 'amr', '01020159660', NULL, 2),
(54, '2023-03-03 18:41:02', '2023-03-03 18:41:02', '\'\'', '01020159660', NULL, 2),
(55, '2023-03-03 18:43:51', '2023-03-03 18:43:51', 'مجهول', '3333', NULL, 17),
(56, '2023-03-03 18:44:23', '2023-03-03 18:44:23', 'مجهول', '23333', NULL, 17),
(57, '2023-03-03 18:46:59', '2023-03-03 18:46:59', 'مجهول', '333333', NULL, 17),
(58, '2023-03-03 18:47:30', '2023-03-03 18:47:30', 'مجهول', '23333', NULL, 17),
(59, '2023-03-03 18:47:52', '2023-03-03 18:47:52', 'مجهول', '32222', NULL, 17),
(60, '2023-03-03 18:51:54', '2023-03-03 18:51:54', 'fff', '34444', NULL, 17),
(61, '2023-03-03 18:55:28', '2023-03-03 18:55:28', 'ee', '222222', NULL, 17),
(62, '2023-03-03 18:56:12', '2023-03-03 18:56:12', 'tolba', '123', NULL, 17),
(63, '2023-03-03 19:04:42', '2023-03-03 19:04:42', 'dfvdfvdv', '2323223', NULL, 17),
(64, '2023-03-04 18:10:37', '2023-03-04 18:10:37', 'مجهول', '23333333', NULL, 25),
(65, '2023-03-04 18:10:53', '2023-03-04 18:10:53', 'مجهول', '3333', NULL, 25),
(66, '2023-03-04 18:11:22', '2023-03-04 18:11:22', 'مجهول', '23444', NULL, 25),
(67, '2023-03-04 18:11:48', '2023-03-04 18:11:48', 'مجهول', '444444', NULL, 25),
(68, '2023-03-04 22:57:55', '2023-03-04 22:57:55', 'ww', '234243', NULL, 29),
(69, '2023-03-04 23:35:27', '2023-03-04 23:35:27', 'ru hey', '45353', 333, 29),
(70, '2023-03-05 15:54:43', '2023-03-05 15:54:43', 'مجهول', '3333', NULL, 29),
(71, '2023-03-05 16:04:39', '2023-03-05 16:04:39', 'توتو', '996856', 46788, 29),
(72, '2023-03-05 16:04:41', '2023-03-05 16:04:41', 'توتو', '996856', 46788, 29),
(73, '2023-03-05 16:04:41', '2023-03-05 16:04:41', 'توتو', '996856', 46788, 29),
(74, '2023-03-05 16:12:49', '2023-03-05 16:12:49', 'مجهول', '9696', NULL, 29),
(75, '2023-03-05 16:13:01', '2023-03-05 16:13:01', 'مجهول', '966', NULL, 29),
(76, '2023-03-05 16:35:51', '2023-03-05 16:35:51', 'مجهول', '234242', NULL, 29),
(77, '2023-03-05 18:46:49', '2023-03-05 18:46:49', 'amr', '01020159660', NULL, 29),
(78, '2023-03-05 18:47:23', '2023-03-05 18:47:23', 'amr', '01020159660', NULL, 29),
(79, '2023-03-07 22:39:16', '2023-03-07 22:39:16', 'مجهول', '0', NULL, 58),
(80, '2023-03-07 22:43:00', '2023-03-07 22:43:00', 'مجهول', '0', NULL, 58),
(81, '2023-03-07 22:57:41', '2023-03-07 22:57:41', 'مجهول', '0', NULL, 58),
(82, '2023-03-07 22:57:49', '2023-03-07 22:57:49', 'مجهول', '0', NULL, 58),
(83, '2023-03-07 22:58:32', '2023-03-07 22:58:32', 'مجهول', '0', NULL, 58),
(84, '2023-03-07 22:59:41', '2023-03-07 22:59:41', 'مجهول', '0', NULL, 58),
(85, '2023-03-07 22:59:51', '2023-03-07 22:59:51', 'مجهول', '0', NULL, 58),
(86, '2023-03-07 23:00:13', '2023-03-07 23:00:13', 'مجهول', '0', NULL, 58),
(87, '2023-03-07 23:01:04', '2023-03-07 23:01:04', 'مجهول', '0', NULL, 58),
(88, '2023-03-07 23:01:32', '2023-03-07 23:01:32', 'مجهول', '0', NULL, 58),
(89, '2023-03-07 23:07:30', '2023-03-07 23:07:30', 'مجهول', '0', NULL, 58),
(90, '2023-03-07 23:20:53', '2023-03-07 23:20:53', 'مجهول', '2222', NULL, 58),
(91, '2023-03-07 23:22:12', '2023-03-07 23:22:12', 'مجهول', '000000000', NULL, 58),
(92, '2023-03-07 23:32:18', '2023-03-07 23:32:18', 'kkkkk', '2874237482378', NULL, 58),
(93, '2023-03-07 23:41:34', '2023-03-07 23:41:34', 'مجهول', '0', NULL, 58),
(94, '2023-03-07 23:42:24', '2023-03-07 23:42:24', 'مجهول', '0', NULL, 58),
(95, '2023-03-08 20:35:48', '2023-03-08 20:35:48', 'www', '222', NULL, 58),
(96, '2023-03-08 20:36:04', '2023-03-08 20:36:04', 'xxxxx', '22222', NULL, 58),
(97, '2023-03-19 17:40:20', '2023-03-19 17:40:20', 'www', '3333', NULL, 58),
(98, '2023-03-19 17:40:35', '2023-03-19 17:40:35', '3333', '333333', NULL, 58),
(99, '2023-03-19 17:41:20', '2023-03-19 17:41:20', 'eee', '333', NULL, 58),
(100, '2023-03-19 17:42:32', '2023-03-19 17:42:32', 'djdjdjdj', '22222', NULL, 58),
(101, '2023-03-24 23:16:12', '2023-03-24 23:16:12', 'جديد', '07809973333', NULL, 58),
(102, '2023-03-27 05:47:35', '2023-03-27 05:47:35', '2222', '2222222', 222, 63),
(103, '2023-03-29 01:14:42', '2023-03-29 01:14:42', 'نن', '66', 6, 67),
(104, '2023-04-17 16:28:31', '2023-04-17 16:28:31', 'اا', '69', 0, 75);

-- --------------------------------------------------------

--
-- Table structure for table `companies`
--

CREATE TABLE `companies` (
  `id` bigint(20) UNSIGNED NOT NULL,
  `name` varchar(255) NOT NULL,
  `email` varchar(255) NOT NULL,
  `phone` varchar(255) NOT NULL,
  `password` varchar(255) DEFAULT NULL,
  `subscribe_id` bigint(20) UNSIGNED NOT NULL DEFAULT 0,
  `subscription_end_date` date NOT NULL DEFAULT '2023-02-03',
  `created_at` timestamp NULL DEFAULT NULL,
  `updated_at` timestamp NULL DEFAULT NULL,
  `fire_base_id` varchar(255) DEFAULT NULL,
  `address` longtext DEFAULT NULL,
  `tax_number` longtext DEFAULT NULL,
  `tax_rate` int(11) DEFAULT NULL,
  `deleted_at` timestamp NULL DEFAULT NULL
) ENGINE=InnoDB DEFAULT CHARSET=utf8mb4 COLLATE=utf8mb4_unicode_ci;

--
-- Dumping data for table `companies`
--

INSERT INTO `companies` (`id`, `name`, `email`, `phone`, `password`, `subscribe_id`, `subscription_end_date`, `created_at`, `updated_at`, `fire_base_id`, `address`, `tax_number`, `tax_rate`, `deleted_at`) VALUES
(33, 'company', 'company@ex.com', '01020159660', NULL, 0, '2023-02-03', '2023-03-05 15:58:22', '2023-03-06 00:08:08', '$yyudbabu-nsccus1aa', 'aaaa', '1010', 15, NULL),
(34, 'company', 'company@ex.com', '01020159660343434', NULL, 0, '2023-02-03', '2023-03-05 15:58:57', '2023-03-05 15:58:57', 'yyudbabu-nscc', NULL, NULL, NULL, NULL),
(36, 'company', 'company@ex.com', '123123123', NULL, 0, '2023-02-03', '2023-03-05 19:06:19', '2023-03-05 19:06:19', 'CKaRwXudwpQHeP1T7mN8Adof2TE2', NULL, NULL, NULL, NULL),
(37, 'company', 'company@ex.com', '098765432', NULL, 0, '2023-02-03', '2023-03-05 19:10:08', '2023-03-05 19:10:08', 'GgPnaWEXM9bv72TI4D1TJF2XqFN2', NULL, NULL, NULL, NULL),
(42, 'company', 'company@ex.com', '666666666', NULL, 0, '2023-02-03', '2023-03-05 19:34:53', '2023-03-05 23:59:03', 'fIpQB8zbd7SrTIDBulB1uTNXSbl2', NULL, NULL, NULL, NULL),
(43, 'company', 'company@ex.com', '111111111', NULL, 0, '2023-02-03', '2023-03-05 21:27:01', '2023-03-06 04:03:58', '62ZnRonclQUTi1PXGryNVGsR9J22', NULL, NULL, NULL, '2023-03-06 04:03:58'),
(44, 'شةةةةةق', 'company@ex.com', '111111111', NULL, 0, '2023-02-03', '2023-03-05 21:47:36', '2023-03-06 00:38:17', 'WD73KfDTTbPTXvheiVG7bw2DUcj2', NULL, NULL, NULL, '2023-03-06 00:38:17'),
(45, 'company', 'company@ex.com', '+966111111111', NULL, 0, '2023-02-03', '2023-03-06 01:21:56', '2023-03-06 01:26:24', '6P2CJHHlWsROcpbcluKe4tiBYHG2', NULL, NULL, NULL, '2023-03-06 01:26:24'),
(46, 'company', 'company@ex.com', '666666666999', NULL, 0, '2023-02-03', '2023-03-06 01:37:04', '2023-03-06 01:37:04', 'fIpQB8zbd7SrTIDBulB1uTNXSbl26', NULL, NULL, NULL, NULL),
(47, 'company', 'company@ex.com', '222222222', NULL, 0, '2023-02-03', '2023-03-06 04:24:12', '2023-03-06 04:41:29', 'jhcmaCUOV5VcNVLHyR1iR3jnre23', NULL, NULL, NULL, '2023-03-06 04:41:29'),
(48, 'company', 'company@ex.com', '222222222', NULL, 0, '2023-02-03', '2023-03-06 15:54:38', '2023-03-06 16:08:52', 'jhcmaCUOV5VcNVLHyR1iR3jnre23', NULL, NULL, NULL, '2023-03-06 16:08:52'),
(49, 'company', 'company@ex.com', '2222222222', NULL, 0, '2023-02-03', '2023-03-06 15:54:48', '2023-03-06 15:54:48', 'jhcmaCUOV5VcNVLHyR1iR3jnre232', NULL, NULL, NULL, NULL),
(50, 'company', 'company@ex.com', '111111111', NULL, 0, '2023-02-03', '2023-03-06 16:10:10', '2023-03-06 16:12:20', 'fvXvYQ8EJVZ2zkhg15Am7v3zqx42', NULL, NULL, NULL, '2023-03-06 16:12:20'),
(51, 'company', 'company@ex.com', '111111111', NULL, 0, '2023-02-03', '2023-03-06 16:13:41', '2023-03-06 16:26:52', 'fvXvYQ8EJVZ2zkhg15Am7v3zqx42', NULL, NULL, NULL, '2023-03-06 16:26:52'),
(52, 'company', 'company@ex.com', '111111111', NULL, 0, '2023-02-03', '2023-03-06 16:28:52', '2023-03-06 16:35:10', 'fvXvYQ8EJVZ2zkhg15Am7v3zqx42', NULL, NULL, NULL, '2023-03-06 16:35:10'),
(53, 'company', 'company@ex.com', '111111111', NULL, 0, '2023-02-03', '2023-03-06 16:36:05', '2023-03-06 16:59:58', 'fvXvYQ8EJVZ2zkhg15Am7v3zqx42', NULL, NULL, NULL, '2023-03-06 16:59:58'),
(54, 'company', 'company@ex.com', '0', NULL, 0, '2023-02-03', '2023-03-06 16:52:12', '2023-03-06 16:52:12', 'BReTw9FOL9b7KjJSAxK6geiNhGh1', NULL, NULL, NULL, NULL),
(55, 'company', 'company@ex.com', '123456789', NULL, 0, '2023-02-03', '2023-03-06 17:12:19', '2023-03-06 17:18:50', 'NPRPXORztvbjTZ5QsYx1Cltt2yQ2', NULL, NULL, NULL, '2023-03-06 17:18:50'),
(56, 'company', 'company@ex.com', '000000000', NULL, 0, '2023-02-03', '2023-03-06 18:15:53', '2023-03-06 18:15:53', 'x5XcYCHSvFQ8Y6bO8Zxb6IAbQS12', NULL, NULL, NULL, NULL),
(57, 'jfksjfhk', 'company@ex.com', '333333333', NULL, 2, '2023-05-05', '2023-03-06 20:02:21', '2023-03-06 21:35:01', 'NodcyIUPCANDkVKdklsOdL7j2hw2', 'sjdkfkdjs', '9999', 8999, '2023-03-06 21:35:01'),
(58, 'kkk', 'company@ex.com', '333333333', NULL, 2, '2023-05-11', '2023-03-06 21:36:16', '2023-04-03 22:50:37', 'NodcyIUPCANDkVKdklsOdL7j2hw2', 'kkk', '11', 111, '2023-04-03 22:50:37'),
(59, 'amr', 'user@user.com', '01020159660', '$2y$10$mrxPyqf6VboPUAierJURP.dcsXXeoLJzcsKKLwvjp7zVFodFOICTm', 0, '2023-03-23', '2023-03-13 22:59:15', '2023-03-13 22:59:15', NULL, NULL, NULL, NULL, NULL),
(60, 'company', 'company@ex.com', '599234248', NULL, 0, '2023-02-03', '2023-03-18 22:58:14', '2023-04-03 22:45:42', 'eCcA86nsPxUF3Cg7bCiyOsjBhr53', NULL, NULL, NULL, '2023-04-03 22:45:42'),
(61, 'خدمات 962', 'company@ex.com', '780997333', NULL, 0, '2023-02-03', '2023-03-21 14:41:57', '2023-03-21 14:42:49', 'hfEAhTOWXMUq5507Ujdc3vuDrzW2', 'عمان - بيادر', '1000000', 16, NULL),
(62, 'amr', 'user1@user.com', '01020159660', '$2y$10$Yit5EnNW2m77.6oP1oPWOeTxD/QJtjmgsi4xi6v7HhHGmmhZkKWMy', 0, '2023-04-04', '2023-03-21 21:24:05', '2023-03-21 21:24:05', NULL, NULL, NULL, NULL, NULL),
(63, 'x', 'company@ex.com', '01097107762', NULL, 0, '2023-02-03', '2023-03-27 05:38:32', '2023-03-27 06:22:42', 'swC2DbZ6ktTPWRDp5NFdhFNDSiD3', 'xx', '22', 22, '2023-03-27 06:22:42'),
(64, 'ahmed', 'company@ex.com', '01020159660383838', NULL, 0, '2023-02-03', '2023-03-27 05:49:27', '2023-03-27 06:22:45', '$yyudbabu-nsccus1aadfjskfjsk', 'el3ezba elhamra', '10201020', 40, '2023-03-27 06:22:45'),
(65, 'sss', 'company@ex.com', '+966333333333', NULL, 0, '2023-02-03', '2023-03-28 21:39:54', '2023-03-28 21:43:20', 'KsUAvOqlPDZT0MXTEmTakF7jUAq2', 'sss', '222', 222, NULL),
(66, 'company', 'company@ex.com', '+201097107762', NULL, 0, '2023-02-03', '2023-03-28 23:48:31', '2023-03-29 00:49:53', 'YtJG2x4eKuTdDsdES2VUxbn8YuV2', NULL, NULL, NULL, '2023-03-29 00:49:53'),
(67, 'تموينات العبد', 'company@ex.com', '333333333', NULL, 0, '2023-02-03', '2023-03-29 00:25:41', '2023-04-03 22:52:22', 'KsUAvOqlPDZT0MXTEmTakF7jUAq2', 'الرياض', '115949466484', 15, '2023-04-03 22:52:22'),
(68, 'ابو عبد', 'company@ex.com', '333333333', NULL, 0, '2023-02-03', '2023-04-03 22:52:45', '2023-04-11 03:26:44', 'KsUAvOqlPDZT0MXTEmTakF7jUAq2', 'الرياض', '5786464948', 15, '2023-04-11 03:26:44'),
(69, 'amr', 'user20@user.com', '01020159660', '$2y$10$wBl27As0IaBWB9MRdr.kcOmHyycvg9RuCI2IGyaYwPA8979XbyDp.', 0, '2023-04-25', '2023-04-11 01:15:26', '2023-04-11 01:15:26', NULL, NULL, NULL, NULL, NULL),
(70, 'amr', 'user40@user.com', '01020159660', '$2y$10$FB3tk3G.Lueer3co90OLUOfQMqEpI8uQi4WpWLB2L2rU44BKhRhq.', 0, '2023-04-25', '2023-04-11 01:15:37', '2023-04-11 01:15:37', NULL, NULL, NULL, NULL, NULL),
(71, 'company', 'company@ex.com', '02022022', NULL, 0, '2023-02-03', '2023-04-11 03:27:10', '2023-04-11 03:27:10', 'nsccus1aadfjskfjskdfdsk', NULL, NULL, NULL, NULL),
(72, 'tolba.co', 'company@ex.com', '333333333', NULL, 0, '2023-02-03', '2023-04-11 03:28:20', '2023-04-11 04:57:58', 'KsUAvOqlPDZT0MXTEmTakF7jUAq2', 'paris', '435475467546', 14, '2023-04-11 04:57:58'),
(73, 'company', 'company@ex.com', '020220223', NULL, 0, '2023-02-03', '2023-04-11 04:45:48', '2023-04-11 04:45:48', 'nsccus1aadfjskfjskdfdsks', NULL, NULL, NULL, NULL),
(74, 'company', 'company@ex.com', '0202202232', NULL, 0, '2023-02-03', '2023-04-11 05:32:32', '2023-04-11 05:32:32', 'nsccus1aadfjskfjskdfdsk', NULL, NULL, NULL, NULL),
(75, 'jjj', 'company@ex.com', '333333333', NULL, 2, '2023-06-10', '2023-04-11 21:10:46', '2023-04-11 21:13:17', 'KsUAvOqlPDZT0MXTEmTakF7jUAq2', 'kkkk', '83298392', 12, NULL),
(76, 'company', 'company@ex.com', '020220223245', NULL, 0, '2023-04-26', '2023-04-12 23:00:04', '2023-04-12 23:00:04', 'nsccus1aadfjskfjskdfdskqq', NULL, NULL, NULL, NULL);

-- --------------------------------------------------------

--
-- Table structure for table `consults`
--

CREATE TABLE `consults` (
  `id` bigint(20) UNSIGNED NOT NULL,
  `created_at` timestamp NULL DEFAULT NULL,
  `updated_at` timestamp NULL DEFAULT NULL,
  `full_name` text NOT NULL,
  `email` text NOT NULL,
  `phone` text NOT NULL,
  `business` text NOT NULL,
  `question` text NOT NULL,
  `answer` text DEFAULT NULL
) ENGINE=InnoDB DEFAULT CHARSET=utf8mb4 COLLATE=utf8mb4_unicode_ci;

-- --------------------------------------------------------

--
-- Table structure for table `contacts`
--

CREATE TABLE `contacts` (
  `id` bigint(20) UNSIGNED NOT NULL,
  `created_at` timestamp NULL DEFAULT NULL,
  `updated_at` timestamp NULL DEFAULT NULL,
  `phone` text NOT NULL
) ENGINE=InnoDB DEFAULT CHARSET=utf8mb4 COLLATE=utf8mb4_unicode_ci;

--
-- Dumping data for table `contacts`
--

INSERT INTO `contacts` (`id`, `created_at`, `updated_at`, `phone`) VALUES
(1, NULL, '2023-03-13 23:14:33', '+201020159660');

-- --------------------------------------------------------

--
-- Table structure for table `failed_jobs`
--

CREATE TABLE `failed_jobs` (
  `id` bigint(20) UNSIGNED NOT NULL,
  `connection` text NOT NULL,
  `queue` text NOT NULL,
  `payload` longtext NOT NULL,
  `exception` longtext NOT NULL,
  `failed_at` timestamp NOT NULL DEFAULT current_timestamp()
) ENGINE=InnoDB DEFAULT CHARSET=utf8mb4 COLLATE=utf8mb4_unicode_ci;

-- --------------------------------------------------------

--
-- Table structure for table `join_requests`
--

CREATE TABLE `join_requests` (
  `id` bigint(20) UNSIGNED NOT NULL,
  `created_at` timestamp NULL DEFAULT NULL,
  `updated_at` timestamp NULL DEFAULT NULL,
  `pdf_name` text NOT NULL
) ENGINE=InnoDB DEFAULT CHARSET=utf8mb4 COLLATE=utf8mb4_unicode_ci;

-- --------------------------------------------------------

--
-- Table structure for table `laywers`
--

CREATE TABLE `laywers` (
  `id` bigint(20) UNSIGNED NOT NULL,
  `name` text NOT NULL,
  `created_at` timestamp NULL DEFAULT NULL,
  `updated_at` timestamp NULL DEFAULT NULL
) ENGINE=InnoDB DEFAULT CHARSET=utf8mb4 COLLATE=utf8mb4_unicode_ci;

-- --------------------------------------------------------

--
-- Table structure for table `logs`
--

CREATE TABLE `logs` (
  `id` bigint(20) UNSIGNED NOT NULL,
  `title` varchar(255) NOT NULL,
  `description` varchar(255) DEFAULT NULL,
  `user_id` int(11) NOT NULL,
  `type` varchar(255) NOT NULL,
  `logable_type` varchar(255) NOT NULL,
  `logable_id` int(11) NOT NULL,
  `created_at` timestamp NULL DEFAULT NULL,
  `updated_at` timestamp NULL DEFAULT NULL
) ENGINE=InnoDB DEFAULT CHARSET=utf8mb4 COLLATE=utf8mb4_unicode_ci;

--
-- Dumping data for table `logs`
--

INSERT INTO `logs` (`id`, `title`, `description`, `user_id`, `type`, `logable_type`, `logable_id`, `created_at`, `updated_at`) VALUES
(1, 'عملية حذف', 'حذف طلب إنضمام #', 1, 'admin', 'App\\Models\\Subscribtion', 1, '2023-02-04 15:32:17', '2023-02-04 15:32:17'),
(2, 'عملية حذف', 'حذف طلب إنضمام #', 1, 'admin', 'App\\Models\\Subscribtion', 3, '2023-02-06 22:34:43', '2023-02-06 22:34:43'),
(3, 'عملية تعديل', 'تعديل عميل #2', 1, 'admin', 'App\\Models\\Subscribtion', 2, '2023-03-04 13:54:34', '2023-03-04 13:54:34'),
(4, 'عملية تعديل', 'تعديل عميل #2', 1, 'admin', 'App\\Models\\Subscribtion', 2, '2023-03-04 13:54:38', '2023-03-04 13:54:38'),
(5, 'عملية تعديل', 'تعديل بيانات البروفايل الخاص به #1', 1, 'admin', 'App\\User', 1, '2023-03-05 19:28:07', '2023-03-05 19:28:07'),
(6, 'عملية حذف', 'حذف طلب إنضمام #', 1, 'admin', 'App\\Models\\Subscribtion', 5, '2023-03-05 21:27:09', '2023-03-05 21:27:09');

-- --------------------------------------------------------

--
-- Table structure for table `migrations`
--

CREATE TABLE `migrations` (
  `id` int(10) UNSIGNED NOT NULL,
  `migration` varchar(255) NOT NULL,
  `batch` int(11) NOT NULL
) ENGINE=InnoDB DEFAULT CHARSET=utf8mb4 COLLATE=utf8mb4_unicode_ci;

--
-- Dumping data for table `migrations`
--

INSERT INTO `migrations` (`id`, `migration`, `batch`) VALUES
(1, '2014_10_12_000000_create_users_table', 1),
(2, '2014_10_12_100000_create_password_resets_table', 1),
(3, '2016_06_01_000001_create_oauth_auth_codes_table', 1),
(4, '2016_06_01_000002_create_oauth_access_tokens_table', 1),
(5, '2016_06_01_000003_create_oauth_refresh_tokens_table', 1),
(6, '2016_06_01_000004_create_oauth_clients_table', 1),
(7, '2016_06_01_000005_create_oauth_personal_access_clients_table', 1),
(8, '2019_08_19_000000_create_failed_jobs_table', 1),
(9, '2020_06_17_185654_create_attachments_table', 1),
(10, '2021_03_07_204628_create_settings_table', 1),
(11, '2021_03_13_202828_create_logs_table', 1),
(12, '2021_03_15_194128_create_permission_tables', 1),
(13, '2021_11_07_210615_create_policies_table', 1),
(14, '2022_01_03_232349_create_clients_table', 1),
(15, '2022_01_10_075227_create_contacts_table', 1),
(16, '2022_01_14_070632_create_laywers_table', 1),
(17, '2022_01_17_183838_create_consults_table', 1),
(18, '2022_01_17_184009_create_articles_table', 1),
(19, '2022_01_17_184043_create_join_requests_table', 1),
(20, '2022_01_20_184009_create_services_table', 1),
(21, '2023_01_29_165308_create_products_table', 2),
(22, '2023_01_30_110419_create_subscribtions_table', 2),
(23, '2023_02_03_210027_create_companies_table', 3),
(24, '2023_02_03_232341_create_categories_table', 4),
(25, '2023_02_10_165424_add_tax_to_companies_table', 5),
(26, '2023_02_21_193451_create_bills_table', 5),
(27, '2023_02_21_195142_create_bills_products_table', 5),
(28, '2023_02_21_204249_add_price_before_tax_to_bills_table', 5);

-- --------------------------------------------------------

--
-- Table structure for table `model_has_permissions`
--

CREATE TABLE `model_has_permissions` (
  `permission_id` bigint(20) NOT NULL,
  `model_type` varchar(255) NOT NULL,
  `model_id` bigint(20) NOT NULL
) ENGINE=InnoDB DEFAULT CHARSET=utf8mb4 COLLATE=utf8mb4_unicode_ci;

-- --------------------------------------------------------

--
-- Table structure for table `model_has_roles`
--

CREATE TABLE `model_has_roles` (
  `role_id` bigint(20) NOT NULL,
  `model_type` varchar(255) NOT NULL,
  `model_id` bigint(20) NOT NULL
) ENGINE=InnoDB DEFAULT CHARSET=utf8mb4 COLLATE=utf8mb4_unicode_ci;

--
-- Dumping data for table `model_has_roles`
--

INSERT INTO `model_has_roles` (`role_id`, `model_type`, `model_id`) VALUES
(1, 'App\\User', 1);

-- --------------------------------------------------------

--
-- Table structure for table `oauth_access_tokens`
--

CREATE TABLE `oauth_access_tokens` (
  `id` varchar(100) NOT NULL,
  `user_id` bigint(20) UNSIGNED DEFAULT NULL,
  `client_id` bigint(20) UNSIGNED NOT NULL,
  `name` varchar(255) DEFAULT NULL,
  `scopes` text DEFAULT NULL,
  `revoked` tinyint(1) NOT NULL,
  `created_at` timestamp NULL DEFAULT NULL,
  `updated_at` timestamp NULL DEFAULT NULL,
  `expires_at` datetime DEFAULT NULL
) ENGINE=InnoDB DEFAULT CHARSET=utf8mb4 COLLATE=utf8mb4_unicode_ci;

--
-- Dumping data for table `oauth_access_tokens`
--

INSERT INTO `oauth_access_tokens` (`id`, `user_id`, `client_id`, `name`, `scopes`, `revoked`, `created_at`, `updated_at`, `expires_at`) VALUES
('009b574a6a8e10fbdb37afd90b4fd99ff5ef32830eca8b407e44d587229935f775ba3ad1f6a45e49', 15, 1, 'passport_token', '[]', 0, '2023-02-09 20:22:18', '2023-02-09 20:22:18', '2024-02-09 20:22:18'),
('02515a9e7d50ad4ec23f18983ebb888376647d91429e6e14148b1f9cbdbc59af5012aee4fbb19a33', 17, 1, 'passport_token', '[]', 0, '2023-03-03 18:25:59', '2023-03-03 18:25:59', '2024-03-03 18:25:59'),
('028c41e2c72d2693ed027bffc531260cdcd41f5ca6dc794c03e34e4b5846c7c75be7687ef241baf8', 6, 1, 'passport_token', '[]', 0, '2023-02-07 11:23:50', '2023-02-07 11:23:50', '2024-02-07 13:23:50'),
('0361749ab15e4986d70d972e2560154064d039e5407d1fd25c448e8b8c5e0f696b73cc2f5c951c51', 28, 1, 'passport_token', '[]', 0, '2023-03-04 21:33:28', '2023-03-04 21:33:28', '2024-03-04 21:33:28'),
('0368b903bbfa455a2743c820bb54fec891cb49382229afed17e4eb364cf1f2bf539807639c3c8220', 12, 1, 'passport_token', '[]', 0, '2023-02-20 03:51:58', '2023-02-20 03:51:58', '2024-02-20 03:51:58'),
('044c36d4f7cd6197a99c440383b3fe441534c21dd97212e56cc2f592b847136b922708bee3d82d89', 28, 1, 'passport_token', '[]', 0, '2023-03-04 21:33:30', '2023-03-04 21:33:30', '2024-03-04 21:33:30'),
('04b43ea25a11ae9d08d1b7579d441fc938fa009f829fe449e1c8d8231927e89354cd30bb490bd291', 36, 1, 'passport_token', '[]', 0, '2023-03-05 19:06:19', '2023-03-05 19:06:19', '2024-03-05 19:06:19'),
('0532454beed2f5266ce6c83f2058fded3795a6ffeff4d5d7488442ccf6046a10262cce1aef6f8af0', 37, 1, 'passport_token', '[]', 1, '2023-03-05 19:10:08', '2023-03-05 19:10:08', '2024-03-05 19:10:08'),
('056e200cf978a94f46ff43f3b17372db4736361b9f3b3f8ff40c04d0c383799043f5b7091aa0057c', 58, 1, 'passport_token', '[]', 0, '2023-03-15 04:41:46', '2023-03-15 04:41:46', '2024-03-15 04:41:46'),
('056efd3f1d0c58114593bfc7f0855b06aeac25a62d0a58d5ef525fd6aec30260b7cfa2d55839f6e7', 47, 1, 'passport_token', '[]', 0, '2023-03-06 04:24:12', '2023-03-06 04:24:12', '2024-03-06 04:24:12'),
('0582f74adb3a4ebe66a03c74c0510333bc822b26b406d7bb947bec4821180408ea2206d8fa57bff2', 29, 1, 'passport_token', '[]', 1, '2023-03-05 15:48:47', '2023-03-05 15:48:47', '2024-03-05 15:48:47'),
('061efd4fa6856c7e3e35e7f23251b00402c85a0fdb7ed89e7d1740e3e448a3ec90946b2a90a4f93c', 29, 1, 'passport_token', '[]', 0, '2023-03-05 16:32:06', '2023-03-05 16:32:06', '2024-03-05 16:32:06'),
('065e9ca78162bc33cc1ecd0fb692344cbf452bf5e845af5f7fa807edd07e7c29288014c0ac2b405a', 75, 1, 'passport_token', '[]', 1, '2023-04-12 00:35:12', '2023-04-12 00:35:12', '2024-04-12 00:35:12'),
('06bf0af9c6ce712950a6fdd0850414923751aa3cfbd939850c4d8c317c18f4816d1596da665cf15e', 59, 1, 'passport_token', '[]', 0, '2023-04-11 01:32:14', '2023-04-11 01:32:14', '2024-04-11 01:32:14'),
('075c8f4db1d880680d657cfcfa9e05b15b96c86a13c479d35f8ae7a9355294496ebba3c0808e5150', 13, 1, 'passport_token', '[]', 0, '2023-02-19 18:37:39', '2023-02-19 18:37:39', '2024-02-19 18:37:39'),
('07b27428c51e57bb1ed91358ac31a8bd00958ddbf48f89f9c14a3dfe8954e61109afe96f8da4a92a', 59, 1, 'passport_token', '[]', 0, '2023-04-11 01:29:08', '2023-04-11 01:29:08', '2024-04-11 01:29:08'),
('07c044e4a90af02ca87feee23acc9924693e0180148b34ddbdf0c119d65d55f25231330cbb804fa9', 58, 1, 'passport_token', '[]', 1, '2023-03-12 12:24:54', '2023-03-12 12:24:54', '2024-03-12 12:24:54'),
('0842f4e8eb1bb7e0b0f20b55d989a9c27830886afb92d86dab3f3029b889c3dcf1e06835ae6c4654', 17, 1, 'passport_token', '[]', 0, '2023-03-03 18:25:59', '2023-03-03 18:25:59', '2024-03-03 18:25:59'),
('087dad2d60f660e0f8b1944213c2c24d2c3a6a9c88869c2c1f0223fb82d9151d2d36651c568a9e90', 58, 1, 'passport_token', '[]', 0, '2023-03-18 14:16:51', '2023-03-18 14:16:51', '2024-03-18 14:16:51'),
('0943098066805798a3e8d68c22037b3712407c626a6fc8ff5ae09e2c19d86ae82909b2f2b795c1d5', 29, 1, 'passport_token', '[]', 0, '2023-03-05 16:14:40', '2023-03-05 16:14:40', '2024-03-05 16:14:40'),
('0978bd08b3eaceeebc83887a6087639bdfc82653b2aca89027f5191eee33f378208592b0bd099a7d', 59, 1, 'passport_token', '[]', 0, '2023-04-11 01:30:51', '2023-04-11 01:30:51', '2024-04-11 01:30:51'),
('0a55bb9d6486865c7caa9c36bd6b677daccdaef33006181397d2cc84a97a463dc0bf9ebfecba31b4', 29, 1, 'passport_token', '[]', 0, '2023-03-05 16:27:08', '2023-03-05 16:27:08', '2024-03-05 16:27:08'),
('0a6975583d67f4655f4294bedeeded853a189fd10c540b43b261e8b825769ad981c67b73edca8052', 29, 1, 'passport_token', '[]', 0, '2023-03-05 16:16:11', '2023-03-05 16:16:11', '2024-03-05 16:16:11'),
('0adc5b9ff8adcce5c64ce7f7845ae6d45c79dd3bf7b815127f2899b50738cb90b096f1624f1d4bca', 51, 1, 'passport_token', '[]', 0, '2023-03-06 16:14:49', '2023-03-06 16:14:49', '2024-03-06 16:14:49'),
('0b442494863771c597332948874d7e9321cfa8f6dfc1d4113eb2b5285f88b619a77d7a520af5f53d', 29, 1, 'passport_token', '[]', 1, '2023-03-05 16:00:30', '2023-03-05 16:00:30', '2024-03-05 16:00:30'),
('0b4677abf7dcfbce1240b5f28654dd4a82944bc59d9555a46b6cdf7f6c589388b3d900ac203ca339', 54, 1, 'passport_token', '[]', 0, '2023-03-06 16:55:07', '2023-03-06 16:55:07', '2024-03-06 16:55:07'),
('0ceec761c9cbb316449dc9b3591b695e585a37cc3981402e5b192aa79ef3dbbb106478738496c060', 45, 1, 'passport_token', '[]', 0, '2023-03-06 01:23:54', '2023-03-06 01:23:54', '2024-03-06 01:23:54'),
('0d0a1d67b87655ada8013d8135a80a69a31afea83fba633c6773cec57a3ef0dd9c10022f617fb708', 11, 1, 'passport_token', '[]', 0, '2023-02-14 16:21:01', '2023-02-14 16:21:01', '2024-02-14 16:21:01'),
('0d0ba7250074b3b9d815ddf5afa2b30505b84437368ffdead1e7278bb775ee8d841362522549dcc2', 33, 1, 'passport_token', '[]', 0, '2023-03-05 15:58:24', '2023-03-05 15:58:24', '2024-03-05 15:58:24'),
('0d833e2cc41b43e8d7feb985c69338aac72bd7b019c437bf1c599ef3166d524d182c73090471bc5b', 43, 1, 'passport_token', '[]', 0, '2023-03-05 21:29:55', '2023-03-05 21:29:55', '2024-03-05 21:29:55'),
('0e9f2ab2080cf42ff44ee8c4078193db029c08731f14da627aa9ee1689fe827121ab6fa3f82f571b', 59, 1, 'passport_token', '[]', 0, '2023-04-11 01:30:12', '2023-04-11 01:30:12', '2024-04-11 01:30:12'),
('0f8fd2754b0043b3afc0459641d2f042a392254a2217406456a71897f2650f8c479c64032b7dec29', 68, 1, 'passport_token', '[]', 0, '2023-04-10 01:34:13', '2023-04-10 01:34:13', '2024-04-10 01:34:13'),
('1043595fb8b396a76ab8c89a73cf4c62929120ea2355eafef13f86513f3f75e70b59275f1e03b33e', 29, 1, 'passport_token', '[]', 0, '2023-03-05 16:16:11', '2023-03-05 16:16:11', '2024-03-05 16:16:11'),
('11a7550b9eea726a074caeeee936e7233dd279948cc01e60caa2c066797a26bf3d17aff60a21ee47', 29, 1, 'passport_token', '[]', 0, '2023-03-05 15:48:46', '2023-03-05 15:48:46', '2024-03-05 15:48:46'),
('128c8596f7fda25c462e9b444a279d5ec296bfd39e852d150ee769e02bdec095d041017459ae2301', 15, 1, 'passport_token', '[]', 0, '2023-02-10 11:48:52', '2023-02-10 11:48:52', '2024-02-10 11:48:52'),
('12ce003d619c156cd79bf9285bd51f88c425a24c902f9c36b0e79401d110963ab41e590d5a4e92a5', 19, 1, 'passport_token', '[]', 0, '2023-02-10 12:44:22', '2023-02-10 12:44:22', '2024-02-10 12:44:22'),
('130b200ec1bca55064149123ccced756788b41d2fa4a70089bcae128edfcd16a2f9bb0b078cd08ae', 54, 1, 'passport_token', '[]', 0, '2023-03-06 16:54:01', '2023-03-06 16:54:01', '2024-03-06 16:54:01'),
('131fa2500f197c278aab3bf3052457cdc8f726116397059eef9cf4c7d9a99e0ea5f77240a1f42fc2', 12, 1, 'passport_token', '[]', 0, '2023-02-17 16:54:38', '2023-02-17 16:54:38', '2024-02-17 16:54:38'),
('142375ec76b6dbc5bc2f6f5e7dfcbeb257ac9ddd330c4263d6274d698b3cbcb7342f2a8bcd9e47ec', 29, 1, 'passport_token', '[]', 0, '2023-03-05 16:14:40', '2023-03-05 16:14:40', '2024-03-05 16:14:40'),
('1467efa5266e1a978b8508a5f3286628d73a7bf420c36f24b2b7c53b15d76ae24317845c1bfa4c3b', 9, 1, 'passport_token', '[]', 0, '2023-02-14 15:50:12', '2023-02-14 15:50:12', '2024-02-14 15:50:12'),
('156e276a2462e590c1bc66ee62d302756f58a13d89f50303ead1637eefb9671a5dc1cc09110680f2', 7, 1, 'passport_token', '[]', 0, '2023-02-10 17:29:51', '2023-02-10 17:29:51', '2024-02-10 17:29:51'),
('158b50f9c6edd1015780be106e54bf6c76ae9cc984cc39d0a196acf5834e1882fdb4f3df42e724dd', 53, 1, 'passport_token', '[]', 0, '2023-03-06 16:58:46', '2023-03-06 16:58:46', '2024-03-06 16:58:46'),
('15c0e568ca33b5b77f0fc6db3920ec679d3b2db385d7bf2737546c8269cb8e26d7051eddd71d9641', 28, 1, 'passport_token', '[]', 0, '2023-03-04 21:33:28', '2023-03-04 21:33:28', '2024-03-04 21:33:28'),
('1744db264b97e65f1e13643ba593c78d1d0d9b26a77144350ab579c11a2635cf9e6b99ca20b28e47', 13, 1, 'passport_token', '[]', 0, '2023-02-17 17:08:43', '2023-02-17 17:08:43', '2024-02-17 17:08:43'),
('17d421b495fb58eb48745e1c05841503d2be88487cfb740f86e9407e517f9ce1eafb83b04dfa8b81', 29, 1, 'passport_token', '[]', 0, '2023-03-05 15:48:46', '2023-03-05 15:48:46', '2024-03-05 15:48:46'),
('17dd8154f0d4b8a41af2fb076bc0393d6f5db8150099df4d868d3fe21de35bf33fae5ce5fc3f1a63', 56, 1, 'passport_token', '[]', 0, '2023-03-06 18:15:53', '2023-03-06 18:15:53', '2024-03-06 18:15:53'),
('1807b8be8f8d65c4fe343ee3502d2bf810f49dcc1b013c9c335ff34dd1d9a5b51c5aa33c69c32798', 29, 1, 'passport_token', '[]', 1, '2023-03-05 15:52:09', '2023-03-05 15:52:09', '2024-03-05 15:52:09'),
('187f761bffc42324cb3f9661a23c4981321adea1961318abe9c230bc4ad9e64c1008854abc0737c7', 17, 1, 'passport_token', '[]', 0, '2023-03-03 18:11:16', '2023-03-03 18:11:16', '2024-03-03 18:11:16'),
('192f7bec447a020e5d6ec84b3e384c116c30752056f73eb0ca87951bec6eca936d4e50a6c8485b90', 59, 1, 'passport_token', '[]', 0, '2023-04-11 01:32:38', '2023-04-11 01:32:38', '2024-04-11 01:32:38'),
('19dcaa54cb4ee3c2e033a807533af85299b5c1692c8f711323cc1b8fceb3ff860258cc8a827871a5', 58, 1, 'passport_token', '[]', 1, '2023-03-18 14:29:13', '2023-03-18 14:29:13', '2024-03-18 14:29:13'),
('19eea357fee2bb0021e94838adfe577c01b9055e0a74ef20f0eeb353d6fc99225a6f19f5e864fdb5', 57, 1, 'passport_token', '[]', 0, '2023-03-06 20:02:22', '2023-03-06 20:02:22', '2024-03-06 20:02:22'),
('1a20e8391746c5fa89f2372e0f56ad1e10d676af401ba037717def623f02ddddd264f161b81f3efe', 30, 1, 'passport_token', '[]', 0, '2023-03-05 00:38:36', '2023-03-05 00:38:36', '2024-03-05 00:38:36'),
('1c4c7b4ddba8ec7691adf4a460dcf0f280b9571ebdf569c2c9571d2f09751561d94f6c1448e33523', 68, 1, 'passport_token', '[]', 0, '2023-04-09 00:18:49', '2023-04-09 00:18:49', '2024-04-09 00:18:49'),
('1cc1948232bcc71c5979e62156e5ce7815629a5d4bfda61cd55aff44ed9e14933d6496eae18e38db', 18, 1, 'passport_token', '[]', 0, '2023-03-03 16:52:35', '2023-03-03 16:52:35', '2024-03-03 16:52:35'),
('1ce98813f756f94e29efab273b12f991add435c2f1cdf4f17b421e7fc8404f6df2f925c167509379', 10, 1, 'passport_token', '[]', 0, '2023-02-14 15:46:56', '2023-02-14 15:46:56', '2024-02-14 15:46:56'),
('1d9b911b70d2013cc917879d9e9ce54735544ced23d744c4816fa803221c2b98a7c4218362b0b9e0', 41, 1, 'passport_token', '[]', 0, '2023-03-05 19:30:14', '2023-03-05 19:30:14', '2024-03-05 19:30:14'),
('1dde58bc4d446b6f724ecaaed0abb0e1d29bb1533cc97bd50095e25433655a02bc023846e3701ca6', 17, 1, 'passport_token', '[]', 0, '2023-03-02 22:27:50', '2023-03-02 22:27:50', '2024-03-02 22:27:50'),
('1e9c89c27149814c129ab35abf788207307fb8d4b0d76bae6bc6fd875ce394f6628b51e3eaede5df', 17, 1, 'passport_token', '[]', 0, '2023-02-10 00:18:56', '2023-02-10 00:18:56', '2024-02-10 00:18:56'),
('1ed6700a24fec8f8a21daaf3219aee11510d95e95c2bfe29e8bd46bcdb5f559210b4dea02c9d70c8', 7, 1, 'passport_token', '[]', 0, '2023-02-10 17:31:32', '2023-02-10 17:31:32', '2024-02-10 17:31:32'),
('1f02031ac327d15244094968a5074e1d93b3f8a9a001678d7e5c04251094d58467c2bf73d04db3ea', 42, 1, 'passport_token', '[]', 0, '2023-03-05 21:22:21', '2023-03-05 21:22:21', '2024-03-05 21:22:21'),
('1f62948e9f02c6261d20bd4a95a233eda957d64c871a77b3ca301e59f01218948fb23da0f1c0ad7a', 75, 1, 'passport_token', '[]', 0, '2023-04-18 06:27:42', '2023-04-18 06:27:42', '2024-04-18 06:27:42'),
('1f6d0ae401a3b61d659ce0b4411303faf9c47c94d9a4f16fad3bd866a2e1d96f823739f800563798', 54, 1, 'passport_token', '[]', 0, '2023-03-06 16:52:12', '2023-03-06 16:52:12', '2024-03-06 16:52:12'),
('2044f576555e670aec47705eada74c3b0bfb588bc5827aea34a3c7a5a783feea180e4e2e477107c1', 7, 1, 'passport_token', '[]', 0, '2023-02-09 11:43:59', '2023-02-09 11:43:59', '2024-02-09 11:43:59'),
('204d784b8611b6014f93425cc1ee45796ac9f46748a076b5007428b45cd515094606bcc11ae46fa1', 48, 1, 'passport_token', '[]', 0, '2023-03-06 16:07:17', '2023-03-06 16:07:17', '2024-03-06 16:07:17'),
('2096b129ab772804f41539995cedacf7d41e8f9e6ac750d40d1561804ff548213a30756dd6ffde2f', 33, 1, 'passport_token', '[]', 0, '2023-03-17 19:06:11', '2023-03-17 19:06:11', '2024-03-17 19:06:11'),
('20b43fdf8c59669509df51844bff8dc0de0a9a142ca401a579a1165a36b644d7e7938161460b517d', 14, 1, 'passport_token', '[]', 0, '2023-02-20 03:34:02', '2023-02-20 03:34:02', '2024-02-20 03:34:02'),
('21d8b2a15c669589ccdc7d3eb23247f27faff326dd6d41206313ceebebb573100065eb601664d9ca', 9, 1, 'passport_token', '[]', 0, '2023-02-14 13:57:27', '2023-02-14 13:57:27', '2024-02-14 13:57:27'),
('225f214fbd7599eb3dd519e725808bf494bb9f0edc969a2a04e029289234ea2309f3e7351147d992', 29, 1, 'passport_token', '[]', 0, '2023-03-05 16:00:30', '2023-03-05 16:00:30', '2024-03-05 16:00:30'),
('228e4f583954d01dc10cf9d858b87726d838ebf1f36f48a2050c0231a184e4c65f2054856894611c', 44, 1, 'passport_token', '[]', 0, '2023-03-05 21:47:36', '2023-03-05 21:47:36', '2024-03-05 21:47:36'),
('22cb39b7724114db7e1b69df49738fd92be4dccc3293b3f17ada4b06595e881e2907a6555664b2ab', 27, 1, 'passport_token', '[]', 0, '2023-03-04 21:27:52', '2023-03-04 21:27:52', '2024-03-04 21:27:52'),
('23161cd391431557b264762ccb1746422ca87867a5cb3976bee224678d6052e2538da76eb776e9ce', 17, 1, 'passport_token', '[]', 0, '2023-02-10 01:21:30', '2023-02-10 01:21:30', '2024-02-10 01:21:30'),
('23bfddc5c639b15274cc7b4c7527f640a691a68cd9b661a15606e590e58df08296b5b78e579c487d', 58, 1, 'passport_token', '[]', 0, '2023-03-18 11:41:59', '2023-03-18 11:41:59', '2024-03-18 11:41:59'),
('2403469e80b4b1d04dd6c086ea9c2453d3c30b3740114dee0748d5f7caee0c6ac65d29b4f2385f8b', 45, 1, 'passport_token', '[]', 0, '2023-03-06 01:21:56', '2023-03-06 01:21:56', '2024-03-06 01:21:56'),
('242460406b0310ecc2ed01828c0ae4986f463888978c044cc1635821a64220dffdb48b50eddc2289', 30, 1, 'passport_token', '[]', 1, '2023-03-05 00:40:01', '2023-03-05 00:40:01', '2024-03-05 00:40:01'),
('2477894033e6c600f30491cd025fa40e76f053d3a91a962692852f7d530d1135e439f3b22a7b0e3d', 17, 1, 'passport_token', '[]', 0, '2023-03-03 16:57:09', '2023-03-03 16:57:09', '2024-03-03 16:57:09'),
('24f518ff4586faa2b99e81778d303804d90321ca894177c6f22fa4f2b6b0f436b9b35b62cc691bdc', 58, 1, 'passport_token', '[]', 0, '2023-03-26 19:32:15', '2023-03-26 19:32:15', '2024-03-26 19:32:15'),
('24fbb1a0a475a6eff452c14afeeeea141c2387e8d78d841b446caca56e6868973ad849c3809cbea4', 17, 1, 'passport_token', '[]', 0, '2023-03-02 22:44:30', '2023-03-02 22:44:30', '2024-03-02 22:44:30'),
('25b42ce686c3bb6143e360d0c5ec658f15eb63a1fb7847c1128fb970302c24c269120a1ef4487c2c', 15, 1, 'passport_token', '[]', 0, '2023-02-21 22:04:16', '2023-02-21 22:04:16', '2024-02-21 22:04:16'),
('25f49696e0da78154a0478f0e1a4e84a3ae1200a26cd079cfc176f848183eaa6e18abdf79dd0fa55', 59, 1, 'passport_token', '[]', 0, '2023-04-11 01:19:49', '2023-04-11 01:19:49', '2024-04-11 01:19:49'),
('26268e0f2f344a2499d7436ad22c94b7fb0bbacf0b2548638397e1074be2323008787510c47e1d80', 11, 1, 'passport_token', '[]', 0, '2023-02-09 19:51:06', '2023-02-09 19:51:06', '2024-02-09 19:51:06'),
('26c05bfc76441506a65a51ec210389a9da43d91655f6df69f716cf8fa0800886e6cba5fa332a5656', 59, 1, 'passport_token', '[]', 0, '2023-04-11 01:20:17', '2023-04-11 01:20:17', '2024-04-11 01:20:17'),
('28badf356fd9948fbbf457d7b574f43c81ca2ac70c1a28903e28d891f7fe1fb0e0b0157b6ecf3e50', 13, 1, 'passport_token', '[]', 0, '2023-02-19 18:37:21', '2023-02-19 18:37:21', '2024-02-19 18:37:21'),
('28ddcd16c16ebebc42d2ca27e6f90864ead14dcb58bff2e5bf97a454a827057ea1a615ced89044dd', 8, 1, 'passport_token', '[]', 0, '2023-02-13 21:34:12', '2023-02-13 21:34:12', '2024-02-13 21:34:12'),
('29c878440af7a5f4f16e158308db7ed376d953f0a4f25ba6ff216cf7b380dac5e9c36ddacf227a81', 24, 1, 'passport_token', '[]', 0, '2023-03-03 20:50:14', '2023-03-03 20:50:14', '2024-03-03 20:50:14'),
('29f0c3dbe0ff6c422cf3d0fffa32f295f2559faa38c1e4d9376eac564456780462e878fcc3ff58da', 29, 1, 'passport_token', '[]', 0, '2023-03-05 16:00:26', '2023-03-05 16:00:26', '2024-03-05 16:00:26'),
('2a2ea24fc94cde7ce50245ae6f9e9f76dc2f818a563518735b24962e99d2775998a0bf8a8a857ad5', 59, 1, 'passport_token', '[]', 0, '2023-03-23 19:55:13', '2023-03-23 19:55:13', '2024-03-23 19:55:13'),
('2b715ad2246469df1b919fce76378dc44dbabdd0830e89d2d543270c2e473389a58a59f4db95913b', 7, 1, 'passport_token', '[]', 0, '2023-02-10 17:55:45', '2023-02-10 17:55:45', '2024-02-10 17:55:45'),
('2b81383b52ba6c41facc0c2c978b44d6e13a4be06bb2f2f733f64bd666cd8cd85a61c893f7689c20', 17, 1, 'passport_token', '[]', 0, '2023-03-02 15:08:44', '2023-03-02 15:08:44', '2024-03-02 15:08:44'),
('2b8be200922e4d2800fe540f467e623055f872900da3bf176c5da62560d9b9405718e6ffdf23adeb', 29, 1, 'passport_token', '[]', 1, '2023-03-05 16:22:24', '2023-03-05 16:22:24', '2024-03-05 16:22:24'),
('2c0411c1de26c8b11012bf7b62f382ce837e21500c0b0ab134d1f642cf16165cfe407a4b4a033bbd', 75, 1, 'passport_token', '[]', 0, '2023-04-12 01:04:58', '2023-04-12 01:04:58', '2024-04-12 01:04:58'),
('2cb166c034fe74043e6b1cc37b6e487ea95423685f8dd8417e22e924046396669c7c1f61c47548a9', 58, 1, 'passport_token', '[]', 0, '2023-03-18 11:41:58', '2023-03-18 11:41:58', '2024-03-18 11:41:58'),
('2cc26015437de9ba48251a0848ecac998ad8f5c5c01228a84262168ede7a521690104f2ef149fcc3', 39, 1, 'passport_token', '[]', 0, '2023-03-05 19:22:59', '2023-03-05 19:22:59', '2024-03-05 19:22:59'),
('2d35b079456087301957cec5ebcf6c05be2d203023d2a1b6523a12001c1e1f0025e44db301daa598', 43, 1, 'passport_token', '[]', 0, '2023-03-06 03:46:36', '2023-03-06 03:46:36', '2024-03-06 03:46:36'),
('2dfc711f32c85a0f18f77089608f87a3d2e06a4628260f851144312c48299efb41dd305f81f7993d', 17, 1, 'passport_token', '[]', 0, '2023-02-26 11:54:26', '2023-02-26 11:54:26', '2024-02-26 11:54:26'),
('2dfd5436e1fb624b7ef08c12da9bc27f2a06c9c32ded2afe621402cb477d60274e60e271c2692598', 48, 1, 'passport_token', '[]', 0, '2023-03-06 15:54:39', '2023-03-06 15:54:39', '2024-03-06 15:54:39'),
('2e546c0890cbd05dffb6c09457361551677aa0c8ea54a152bdda5d135822393be3406a753e6db470', 58, 1, 'passport_token', '[]', 1, '2023-03-18 14:16:23', '2023-03-18 14:16:23', '2024-03-18 14:16:23'),
('2e86c61b7c7901c741458daf7ce5dc9f9c52832a31ab360588c0384fec9aff057fa821baddebe54e', 2, 1, 'passport_token', '[]', 0, '2023-02-03 21:19:49', '2023-02-03 21:19:49', '2024-02-03 23:19:49'),
('2fa6dde21f16f235d9bad9bd25aa5a1a1a06e1c036471650fc0b6dd9bc18870be8772ffbae9cb5b9', 64, 1, 'passport_token', '[]', 0, '2023-03-27 05:49:27', '2023-03-27 05:49:27', '2024-03-27 05:49:27'),
('32388ced5ba78dfd77c7be25828a09e570ee0410d61e2f6536e844bbbdd9ecbd8e7125f463af6908', 58, 1, 'passport_token', '[]', 0, '2023-03-15 13:28:19', '2023-03-15 13:28:19', '2024-03-15 13:28:19'),
('3297208d5e911b599f4f634be8be4991a000897a9a61be8c46114fcc15971da0bb00d94dbbac3938', 36, 1, 'passport_token', '[]', 0, '2023-03-05 19:06:20', '2023-03-05 19:06:20', '2024-03-05 19:06:20'),
('329c86eca2a259352e4c0b17cd16f7b9e65f17a71d2fe18156962bc3b6efcf6a571f851c5662d1fe', 19, 1, 'passport_token', '[]', 0, '2023-02-10 12:44:21', '2023-02-10 12:44:21', '2024-02-10 12:44:21'),
('32a5da3a2618c1813f1bac3a60ccb307fcd627db910cb2b27c92eab078ac67c9e2854526c6fc3c28', 2, 1, 'passport_token', '[]', 0, '2023-03-03 15:03:20', '2023-03-03 15:03:20', '2024-03-03 15:03:20'),
('337df033b09368ea1730a89f2a644ac497445a4e2df0db4eaa34d097428f06e99a987332e9163473', 55, 1, 'passport_token', '[]', 0, '2023-03-06 17:12:19', '2023-03-06 17:12:19', '2024-03-06 17:12:19'),
('343ea279fa8c4d62170c1757a14dcfa934f169dd2e770ed080c58747b163c9361e86593fda300d60', 36, 1, 'passport_token', '[]', 0, '2023-03-05 19:06:23', '2023-03-05 19:06:23', '2024-03-05 19:06:23'),
('34c7c9a4acd8ce00d9852372c7ee4a12ed2e1b842629965daa10980f315a2f372a2523280d88e8ae', 75, 1, 'passport_token', '[]', 1, '2023-04-17 16:23:09', '2023-04-17 16:23:09', '2024-04-17 16:23:09'),
('3584fac6a2408e478e407d98428c32caeae15024d1b643b1bee5b1e15229aa5f7696e438218e07e5', 13, 1, 'passport_token', '[]', 0, '2023-02-19 18:37:39', '2023-02-19 18:37:39', '2024-02-19 18:37:39'),
('35fa6aca4ebc6fd5ab3330f1b54f6791de00a56ab088c13aac5ea33479baa57d881faaaa43971d40', 54, 1, 'passport_token', '[]', 0, '2023-03-06 16:55:41', '2023-03-06 16:55:41', '2024-03-06 16:55:41'),
('36e3cdda7acaaaad4cd118dbbc67b1c0f3d6eac14e93a0323e459c68838ddbf79bc5e81f03bd4a9e', 42, 1, 'passport_token', '[]', 0, '2023-03-05 21:22:21', '2023-03-05 21:22:21', '2024-03-05 21:22:21'),
('370ebbf99eeff9a1f75f4c74348d9873940b06458af0a843a1bac31cf81e14932eceb11e98a3f973', 52, 1, 'passport_token', '[]', 0, '2023-03-06 16:28:52', '2023-03-06 16:28:52', '2024-03-06 16:28:52'),
('3771e6dbd7ed3fdc2eecadfeb66a3c61e023dfee2d3b77d8f250ab09e4718d8fc14d4c578b42e70f', 58, 1, 'passport_token', '[]', 0, '2023-03-13 01:24:58', '2023-03-13 01:24:58', '2024-03-13 01:24:58'),
('38bcd50fcc25d761eb174b3fbddecb1057d3ecbcb43bef4dd7c434a3f5e5c2912c502a7fdf673abf', 29, 1, 'passport_token', '[]', 1, '2023-03-05 16:24:02', '2023-03-05 16:24:02', '2024-03-05 16:24:02'),
('38de9f2dada4bccb6145a627ac75ccd5c3c160334c61e8edfdc5973fd14b1990460dd1467d6ca2e1', 9, 1, 'passport_token', '[]', 0, '2023-02-14 13:44:03', '2023-02-14 13:44:03', '2024-02-14 13:44:03'),
('3996fb16f20c9de582f89119af36517d3139c0679baafd5c5d263b484d561f32a32d21564b260472', 68, 1, 'passport_token', '[]', 0, '2023-04-08 04:56:39', '2023-04-08 04:56:39', '2024-04-08 04:56:39'),
('3998bf364132f686260e1a8adc03b1ed86786e5635a97c96716b4d021f2b5695152e31cc7a6268a4', 58, 1, 'passport_token', '[]', 0, '2023-03-18 11:42:00', '2023-03-18 11:42:00', '2024-03-18 11:42:00'),
('39a9e630f3fb829b2efbb10af2251860abd7672444c853b5684c656c04deaea4ffd41aeaf6d7b482', 58, 1, 'passport_token', '[]', 0, '2023-03-15 04:41:36', '2023-03-15 04:41:36', '2024-03-15 04:41:36'),
('39fa55157bebfff405ecf7737cda42bed43f44d72021cce25f69c5661968ea867f4072efa8d30532', 37, 1, 'passport_token', '[]', 0, '2023-03-05 19:10:11', '2023-03-05 19:10:11', '2024-03-05 19:10:11'),
('3a3bf8231cf8b8b230de4f413ccb64b4fad45993892d85e77715f2f14832c8714a03a6df0c6e4c13', 25, 1, 'passport_token', '[]', 0, '2023-03-04 15:49:21', '2023-03-04 15:49:21', '2024-03-04 15:49:21'),
('3a4180cdb87fcb353cbb86837084bf54bebd0146f35685d74910b17ae2e394b24802ea680f05c58f', 29, 1, 'passport_token', '[]', 0, '2023-03-05 15:41:09', '2023-03-05 15:41:09', '2024-03-05 15:41:09'),
('3a7502c8037a18578e7befefa1229f1ad8be5579a8a68347e1e95b485297b38eb9a416f9559aa836', 27, 1, 'passport_token', '[]', 0, '2023-03-04 21:27:54', '2023-03-04 21:27:54', '2024-03-04 21:27:54'),
('3adab8d6b9f629a8ef1cfa5e86fb248b40b97d9c88b61bcf9c7f1aef6be0beb2b34ed69012858e87', 43, 1, 'passport_token', '[]', 0, '2023-03-06 04:02:46', '2023-03-06 04:02:46', '2024-03-06 04:02:46'),
('3c58d5b9dda8804c33a83e421eb5eb4ad71c44e2d031e39beeb69c1945d7652dca3ee763daa7831e', 65, 1, 'passport_token', '[]', 0, '2023-03-28 22:31:19', '2023-03-28 22:31:19', '2024-03-28 22:31:19'),
('3d31bd24ac3dccad9bc5ca4cfb880b7130ee90057d80ec79d441abbdce92063bd0990bdbcf23eafd', 19, 1, 'passport_token', '[]', 0, '2023-02-10 11:58:03', '2023-02-10 11:58:03', '2024-02-10 11:58:03'),
('3d4cd7a0968843b7134e8b39436e7792e8279e469f38f3694cafc66e794d78ab577c0cd5ffc99ef4', 43, 1, 'passport_token', '[]', 0, '2023-03-05 21:29:55', '2023-03-05 21:29:55', '2024-03-05 21:29:55'),
('3d5d3bc492e4b141c1ff8b46d12c65772d3b488f50a8ac301fd0f6703e064383011ce7fd234031db', 17, 1, 'passport_token', '[]', 0, '2023-03-02 11:55:08', '2023-03-02 11:55:08', '2024-03-02 11:55:08'),
('3d943b1814579a2f1f35932904e1cce7ca7011bfa9901e14ac3b2475c4fa19027145123c84bf9b8d', 43, 1, 'passport_token', '[]', 0, '2023-03-05 21:27:02', '2023-03-05 21:27:02', '2024-03-05 21:27:02'),
('3e4985ced152aa8e8b803b41a5d614f5d511145b5b639971c89dd74d8317ecb426b7ae7630744e3f', 33, 1, 'passport_token', '[]', 0, '2023-03-05 15:58:48', '2023-03-05 15:58:48', '2024-03-05 15:58:48'),
('3f3f023c2f72e1f3b78060fbb67e6860da82d33d03c4810d68c7e02c3fb9df557a39eb2fc546fe65', 29, 1, 'passport_token', '[]', 0, '2023-03-05 16:24:03', '2023-03-05 16:24:03', '2024-03-05 16:24:03'),
('401374753d80356fff73452b61e378448827f3e0c36ed22b1e32e7c5232352ee187f1c52ea4867de', 13, 1, 'passport_token', '[]', 0, '2023-02-19 18:37:38', '2023-02-19 18:37:38', '2024-02-19 18:37:38'),
('410e380e8191a178f5fa9fdf86402a5834c0a8848fd33d9c8db1bbd88b1c3ecd5bf48011f9e0b2fa', 54, 1, 'passport_token', '[]', 0, '2023-03-06 16:53:00', '2023-03-06 16:53:00', '2024-03-06 16:53:00'),
('410e744b40ad220707a38e546f5d0621965d27ea1eaa84c9013365dfb0cd0010484c446296c872f5', 58, 1, 'passport_token', '[]', 1, '2023-03-18 14:34:55', '2023-03-18 14:34:55', '2024-03-18 14:34:55'),
('413c07496bbec3e4a910d0627555df1799333054ae329cdcc97c415a0d261d1bdc8409b2ac92d8ce', 29, 1, 'passport_token', '[]', 0, '2023-03-05 14:28:45', '2023-03-05 14:28:45', '2024-03-05 14:28:45'),
('41d5ca4b9bf87bb3d47eae240b4dc5680409cf0076ac2757ec1e7fecdf433a84fc92ffb0aeb09075', 29, 1, 'passport_token', '[]', 0, '2023-03-05 15:52:09', '2023-03-05 15:52:09', '2024-03-05 15:52:09'),
('4277e32c781a1944784a7ccbeef4bfa5766b158fe85f3d745cfdfb4f86b8842205159dfa422fd2a1', 25, 1, 'passport_token', '[]', 0, '2023-03-04 15:49:20', '2023-03-04 15:49:20', '2024-03-04 15:49:20'),
('43386aafd58cec2b855418b3baa62ba16bbf331baed841d9894ace0be76bc6ada4fa5c53f06700b2', 17, 1, 'passport_token', '[]', 0, '2023-02-10 01:21:33', '2023-02-10 01:21:33', '2024-02-10 01:21:33'),
('433b5ab206ff6a010ddae4c8e9cfccdca9a58673fd2c1af66d08054745750861a8db54e65e627cd7', 59, 1, 'passport_token', '[]', 0, '2023-03-13 22:59:30', '2023-03-13 22:59:30', '2024-03-13 22:59:30'),
('4435e70b080a8da561465182a37e36a67c755444ac6c18aaf4b590ca1867f3400b55cc56a61ab989', 58, 1, 'passport_token', '[]', 1, '2023-03-18 11:41:57', '2023-03-18 11:41:57', '2024-03-18 11:41:57'),
('446840d1b0992de25cbd652237b988ba71da442c0d3a0e5b58c56a1f0ea6f96fff7017c515fd3415', 59, 1, 'passport_token', '[]', 0, '2023-04-11 01:25:42', '2023-04-11 01:25:42', '2024-04-11 01:25:42'),
('44c005e4a3f3016c0f702b69de64e995718fff2887fdf9ee92aa0c20bdd4367ea2c3d3cd6e250733', 20, 1, 'passport_token', '[]', 0, '2023-02-10 12:46:14', '2023-02-10 12:46:14', '2024-02-10 12:46:14'),
('4504c710c782ad6f855e236d00312f84f70b413c620a7bc6415289004f8da44bffd450fd5eeb250e', 1, 1, 'passport_token', '[]', 0, '2023-02-10 00:35:49', '2023-02-10 00:35:49', '2024-02-10 00:35:49'),
('455db27e5bc5f9e419436ee94676adaab6edf2281f1f0b53722068e17d0f3b1e6b7e36a96e5244a7', 17, 1, 'passport_token', '[]', 0, '2023-03-02 15:06:34', '2023-03-02 15:06:34', '2024-03-02 15:06:34'),
('4583b69b9802c495de837f76f10513808291660832f748e2dd94c5f59be117d78820ee0255164ecc', 58, 1, 'passport_token', '[]', 0, '2023-03-24 23:15:33', '2023-03-24 23:15:33', '2024-03-24 23:15:33'),
('45b087270be255617120b787c59ac934e68d1ab99124087278e1f1d65895f2ba8dada2fb8e113e28', 58, 1, 'passport_token', '[]', 0, '2023-03-06 21:36:16', '2023-03-06 21:36:16', '2024-03-06 21:36:16'),
('45c8688e7e5230fb54178bcfeba9af6bbad16072c8feafd86dac93ceccddc9dd17f2bb189e5ae948', 58, 1, 'passport_token', '[]', 0, '2023-03-13 00:42:03', '2023-03-13 00:42:03', '2024-03-13 00:42:03'),
('45d4f1ed0817a240278ccf3321060e57bcee8f4d8715dc7af58f661ef8b96e027e80fa57a8a49d7f', 14, 1, 'passport_token', '[]', 0, '2023-02-20 03:47:56', '2023-02-20 03:47:56', '2024-02-20 03:47:56'),
('45d9b94943d84f6c37d36b9948e618a2bfc80a218680fca82d621b7afe78ec1be351d01e96668531', 59, 1, 'passport_token', '[]', 0, '2023-04-11 01:20:08', '2023-04-11 01:20:08', '2024-04-11 01:20:08'),
('468b2c3dc188f6ec10033a1707f77b2533dd5768fc65272d5cba05c25ab98664bd442c683431bb7a', 13, 1, 'passport_token', '[]', 0, '2023-02-17 17:08:44', '2023-02-17 17:08:44', '2024-02-17 17:08:44'),
('46f0be1d3f0e869dded470548e290b5deccb163f706bc31cbe2a7c620199f386f07b4bba2422a892', 26, 1, 'passport_token', '[]', 0, '2023-03-04 16:32:23', '2023-03-04 16:32:23', '2024-03-04 16:32:23'),
('47d5be4d0b865f270c17fbd072e587d607ca90c584498dafdd01912da9b6d06328432b6deb6505d5', 27, 1, 'passport_token', '[]', 0, '2023-03-04 21:27:52', '2023-03-04 21:27:52', '2024-03-04 21:27:52'),
('481f3a34abd5336ad5b52e92b54056691d3913420fc105c63f03b0c66e3e3458e377dd84f1bea8fe', 9, 1, 'passport_token', '[]', 0, '2023-02-14 13:57:08', '2023-02-14 13:57:08', '2024-02-14 13:57:08'),
('48a1faf408fc200a1c8ba83c621ceb5136a4dbc987bd683f2420b8bc8f6ba57181edac3b8fda04b7', 48, 1, 'passport_token', '[]', 0, '2023-03-06 16:01:46', '2023-03-06 16:01:46', '2024-03-06 16:01:46'),
('48b65fe2a2ab4ce8e37bdd620797d4769023ceaad0e35253b65d730c24d8e77ad11d7170f7d8b7ee', 41, 1, 'passport_token', '[]', 0, '2023-03-05 19:30:16', '2023-03-05 19:30:16', '2024-03-05 19:30:16'),
('4910d8b83068518a1c3528c6715f055ba2a39d02f0c617a5c73415e08b83b0ebebc1b4f104f28e3e', 37, 1, 'passport_token', '[]', 0, '2023-03-05 19:10:12', '2023-03-05 19:10:12', '2024-03-05 19:10:12'),
('494dbe79f8c87b1e0b35e0c9ccf50e7283c57f61cce0906bb78f20943911ff9f06e804f743c373a4', 52, 1, 'passport_token', '[]', 0, '2023-03-06 16:34:10', '2023-03-06 16:34:10', '2024-03-06 16:34:10'),
('4a0c621b8e1fff01f16453133906a9a7f0ee3f16890c5cf991b8d82a102081414f53168db73fb195', 67, 1, 'passport_token', '[]', 1, '2023-04-03 22:46:50', '2023-04-03 22:46:50', '2024-04-03 22:46:50'),
('4a88fb49ffe8fd5c73e205611a7a2d9c862d0affe252dd9ca782a33b5bded364488c6eaf77a2ade5', 29, 1, 'passport_token', '[]', 1, '2023-03-05 16:19:32', '2023-03-05 16:19:32', '2024-03-05 16:19:32'),
('4b16508d7433bc893daeeda3474394fc041c902d41ce0d82cb0c602050d98fe426d5656207d0e86e', 29, 1, 'passport_token', '[]', 0, '2023-03-05 16:03:44', '2023-03-05 16:03:44', '2024-03-05 16:03:44'),
('4b7523c41d0b36cd2c1866125171a6bd46033e97888757c5d8a33a2ee268af02c736e6512d83a107', 8, 1, 'passport_token', '[]', 0, '2023-02-13 21:24:59', '2023-02-13 21:24:59', '2024-02-13 21:24:59'),
('4b8d777a9b989c8f3ac9b71ec4a45c967bcbf0553c5a08ff074750529db11ef5531d6cd837a1241e', 1, 1, 'passport_token', '[]', 0, '2023-02-10 17:30:50', '2023-02-10 17:30:50', '2024-02-10 17:30:50'),
('4c507cc22fb76cf4c65880e6300f418ba038ddf1f19317331e7199ba532477b477c1e00a6b525433', 43, 1, 'passport_token', '[]', 0, '2023-03-05 21:27:01', '2023-03-05 21:27:01', '2024-03-05 21:27:01'),
('4d1d0d0e10c28ef3c99181c98c11baa18aab53f1ffb23d24f096a643f451bad1f6c5f9a77df7a7a4', 58, 1, 'passport_token', '[]', 0, '2023-03-19 13:17:27', '2023-03-19 13:17:27', '2024-03-19 13:17:27'),
('4e5ef304842246ffa2d3dd6468d3ff7f6248a8165ec387abef7cd19796fea0d32f5fdbef1367040b', 66, 1, 'passport_token', '[]', 0, '2023-03-29 00:45:52', '2023-03-29 00:45:52', '2024-03-29 00:45:52'),
('4ed86936aeebf50f560dbbee1162182404738a8a59596c82a64b92148cfacd08ab8382070913df40', 27, 1, 'passport_token', '[]', 0, '2023-03-04 21:27:54', '2023-03-04 21:27:54', '2024-03-04 21:27:54'),
('50da3e2825ea5adfe64bcc6b176c3391c8bda23ca06fc9abc06aa11e508bd503a2a226b6fde45ac3', 10, 1, 'passport_token', '[]', 0, '2023-02-14 14:11:35', '2023-02-14 14:11:35', '2024-02-14 14:11:35'),
('510707c27d061d2ffcc788b5572b7a0de7425cffad43fc514260deca5207281e5c96bb5a42f190a6', 53, 1, 'passport_token', '[]', 0, '2023-03-06 16:36:05', '2023-03-06 16:36:05', '2024-03-06 16:36:05'),
('51922b054b722c83346b21bfefae42f76c2ed3952a901237d3910ba774f20ec01090e7cb127409f7', 2, 1, 'passport_token', '[]', 0, '2023-03-03 15:03:35', '2023-03-03 15:03:35', '2024-03-03 15:03:35'),
('525105bda62c5dd3564405bceaeddb7c3faeb0a538d7417398af49f2283fa7574fabbfc91c5a6c3e', 17, 1, 'passport_token', '[]', 0, '2023-03-02 11:55:18', '2023-03-02 11:55:18', '2024-03-02 11:55:18'),
('54094d6a85d06f75124051dc2c47a29ef5f405c87c882b438897014f52184bd4a7848edf1583aba6', 22, 1, 'passport_token', '[]', 0, '2023-03-03 20:29:15', '2023-03-03 20:29:15', '2024-03-03 20:29:15'),
('54919d43ae9941d36ac164666b2e88c5ef81037e8caa368ce804dafe36c2b25d8e6da3ce40d50f92', 29, 1, 'passport_token', '[]', 0, '2023-03-05 15:52:06', '2023-03-05 15:52:06', '2024-03-05 15:52:06'),
('559c5ee6420acdb7468a62bafeafdc9310025cbe8e7e4b03a1de72c8a7bff7ff745be50179940aee', 8, 1, 'passport_token', '[]', 0, '2023-02-10 12:43:19', '2023-02-10 12:43:19', '2024-02-10 12:43:19'),
('55b7145630bdf0182e3c0ca5f9a95cb97e38ca0e3f2d07b89075899136dc25b1db92267ddd642cf7', 73, 1, 'passport_token', '[]', 0, '2023-04-11 04:45:48', '2023-04-11 04:45:48', '2024-04-11 04:45:48'),
('56743e55b32c041472c44383e5ffea71b2a5f5408b866a57153ab7343649fa538312ec1f9ae7f965', 17, 1, 'passport_token', '[]', 0, '2023-03-03 17:12:12', '2023-03-03 17:12:12', '2024-03-03 17:12:12'),
('568c1d025e8430ca319cdb02609a54ccc19c2b0da90443144ff52d9094024075cc42b199037d8100', 29, 1, 'passport_token', '[]', 0, '2023-03-05 15:47:54', '2023-03-05 15:47:54', '2024-03-05 15:47:54'),
('5754eb812b253fee2cbed3e4221b27189e8ffa363a927688f3a77693dc75fb41478ba43192a8d698', 13, 1, 'passport_token', '[]', 0, '2023-02-17 17:08:44', '2023-02-17 17:08:44', '2024-02-17 17:08:44'),
('59d719a5816ae415804f7fafceea35aad748d095402f18e19af11e8236fe0f86be68fdb35afe6634', 17, 1, 'passport_token', '[]', 0, '2023-02-22 21:14:04', '2023-02-22 21:14:04', '2024-02-22 21:14:04'),
('5a44a68fa4d7b082dd5afb5688fd4dfddc87cd048a421c7f793905d757fcad85a4e0972427b50a39', 17, 1, 'passport_token', '[]', 0, '2023-02-26 11:55:29', '2023-02-26 11:55:29', '2024-02-26 11:55:29'),
('5a65461397a34c5ad4a99f48efdfee32c4de1fc728b9dbb968d729188903f189252d0f8fdb34dad9', 41, 1, 'passport_token', '[]', 0, '2023-03-05 19:33:42', '2023-03-05 19:33:42', '2024-03-05 19:33:42'),
('5ad71ab54eba6b9e005a599270f1c4938242e65e02e1dad13fca0085ba572755a57329ff932c8593', 18, 1, 'passport_token', '[]', 0, '2023-03-03 16:51:29', '2023-03-03 16:51:29', '2024-03-03 16:51:29'),
('5ae4f7750f838067249b55911c43d8b314c6ce9f4c8a0711143a43bdd57d8e68226d21c113f83dd7', 42, 1, 'passport_token', '[]', 0, '2023-03-05 21:22:19', '2023-03-05 21:22:19', '2024-03-05 21:22:19'),
('5b4901bbce1bd3407a60a0bd1fba9122c152fd4d07c302223a2d5e0a05b7b286e2244635cc280432', 29, 1, 'passport_token', '[]', 0, '2023-03-05 16:03:44', '2023-03-05 16:03:44', '2024-03-05 16:03:44'),
('5b8efed1665b59686e3ce06b74aa99a9d6a32522899d20370befb939b1c2ec250e75e14fc16fbc96', 55, 1, 'passport_token', '[]', 0, '2023-03-06 17:12:19', '2023-03-06 17:12:19', '2024-03-06 17:12:19'),
('5bbfb0aa6a0817209df9f3d319da684e85bb6a801d3178bcc5b56f4d47be50473263d7dc4575cdeb', 29, 1, 'passport_token', '[]', 0, '2023-03-05 16:32:06', '2023-03-05 16:32:06', '2024-03-05 16:32:06'),
('5bc6c6c6cffd686a581be9bdd83b27417fbbaba731d3d9edb95ffa4bfd692d175db6d62794bc2aa7', 36, 1, 'passport_token', '[]', 0, '2023-03-05 19:06:23', '2023-03-05 19:06:23', '2024-03-05 19:06:23'),
('5bddf26e5b175f544d48e55108d69076f9d303e490c3d1cda750c227ac3f1e62b5c2936bd01dbc55', 29, 1, 'passport_token', '[]', 0, '2023-03-05 16:32:07', '2023-03-05 16:32:07', '2024-03-05 16:32:07'),
('5c5060aec45f5178f9b027ce8982fd9367b2900f963409b6dca7c458c586f9f58889e15d051cf0bd', 12, 1, 'passport_token', '[]', 0, '2023-02-17 16:54:39', '2023-02-17 16:54:39', '2024-02-17 16:54:39'),
('5e9a4c2da0a363c0966cb0646f4d3d4fd6a054bb43c745f38319926b0a2ff995d50c2ccab881a340', 17, 1, 'passport_token', '[]', 0, '2023-02-23 03:54:58', '2023-02-23 03:54:58', '2024-02-23 03:54:58'),
('5f55b2ccf2d2fab75d1e528c108f3cc19d24d650c666775b85bc4aec798a326d06d7f56a03a20418', 58, 1, 'passport_token', '[]', 0, '2023-03-18 14:57:36', '2023-03-18 14:57:36', '2024-03-18 14:57:36'),
('621c5b0c0ffe8fe25f275ac2a9351c08f6387dd81d743c1c9245bd852b63ec1d2e758e4f40f93497', 12, 1, 'passport_token', '[]', 0, '2023-02-17 02:22:15', '2023-02-17 02:22:15', '2024-02-17 02:22:15'),
('62960560d7e034ad9ffdaac4fb5b374018bf83163027c1a5f06ccf524a0e11b20675455cdfde999d', 2, 1, 'passport_token', '[]', 0, '2023-03-03 18:09:32', '2023-03-03 18:09:32', '2024-03-03 18:09:32'),
('634ca1db69cc8687c5d8368f82c48533dd89f27bf646acebf0888d3d0723bb88ea5161fc2f4bb0af', 27, 1, 'passport_token', '[]', 0, '2023-03-04 21:27:54', '2023-03-04 21:27:54', '2024-03-04 21:27:54'),
('6367981bf942f2e83a4ae41639c008e82ed028e21f1b7e27086c886bb877db5dd6177dc724700d8d', 33, 1, 'passport_token', '[]', 0, '2023-03-18 11:53:54', '2023-03-18 11:53:54', '2024-03-18 11:53:54'),
('63bacdf86a0ec341ef957b1629828acb0599128eff8850217f617d434a1b64086726d42628d4222d', 43, 1, 'passport_token', '[]', 0, '2023-03-05 21:29:55', '2023-03-05 21:29:55', '2024-03-05 21:29:55'),
('640d287144f6ff638f225c9445c97c412f828f9ef14b2f7c566121a10a26505e58483da1fbaf55a8', 43, 1, 'passport_token', '[]', 0, '2023-03-05 21:27:04', '2023-03-05 21:27:04', '2024-03-05 21:27:04'),
('65870b9ee2d5a2ad159550e65c0647c6256847e395eea50f9fcc33689e3e527318b9d7aadb748e85', 41, 1, 'passport_token', '[]', 0, '2023-03-05 19:30:17', '2023-03-05 19:30:17', '2024-03-05 19:30:17'),
('665423dbae58f32c491319b84122e8b3204a5e0c2d156939bcac346c7ab0a470eb097519d6d5821c', 29, 1, 'passport_token', '[]', 0, '2023-03-05 16:22:23', '2023-03-05 16:22:23', '2024-03-05 16:22:23'),
('66729442a645cd6a28a7a057de7eddbd27d07d4d831b1ec060ffeef0c57436ee1dabe0a754fb2ef9', 29, 1, 'passport_token', '[]', 0, '2023-03-05 16:03:47', '2023-03-05 16:03:47', '2024-03-05 16:03:47'),
('66b8feceb8575d855bc2539e7ab7c979a914b25c518a176b74ff719cb8b9fcf71e580d3fec6b6ea4', 29, 1, 'passport_token', '[]', 1, '2023-03-05 15:41:09', '2023-03-05 15:41:09', '2024-03-05 15:41:09'),
('67238deeefc7258442a948b719e9eb43c7e3ad0b67e706cca7b7bf0df38f0946c32591f02d16fd9b', 29, 1, 'passport_token', '[]', 0, '2023-03-05 16:24:02', '2023-03-05 16:24:02', '2024-03-05 16:24:02'),
('686534d3966d990149d54d77bc7fe48ba679a77ba9339fe4465d5cea0bd9cf1cd3b61edd6ab0ffa9', 44, 1, 'passport_token', '[]', 0, '2023-03-05 21:47:38', '2023-03-05 21:47:38', '2024-03-05 21:47:38'),
('68e4d2a5eb20b8bd25afb1371285af6fbbb49b3c701edaf18f0a0b3d778ec6ee0136f515e179c5b9', 10, 1, 'passport_token', '[]', 0, '2023-02-14 14:11:52', '2023-02-14 14:11:52', '2024-02-14 14:11:52'),
('696377a099ab348902e4e3ee84fc018d819dcdc632dd6738a96d3001aae3fbbb4af8edd8ddcb0ec1', 58, 1, 'passport_token', '[]', 0, '2023-03-18 11:53:06', '2023-03-18 11:53:06', '2024-03-18 11:53:06'),
('6a4ffcefb3dc4dda5640a5d6591e5b875aebabf78040301c999f2c66526ed3b9ce25ea4cd76575e9', 29, 1, 'passport_token', '[]', 0, '2023-03-04 21:43:58', '2023-03-04 21:43:58', '2024-03-04 21:43:58'),
('6adaedc0fb0d4a1bbe65a1c8083d75be3551457395e46b8d57f2eeb1a55fbc3e4b51e8eff6185781', 29, 1, 'passport_token', '[]', 1, '2023-03-05 16:03:48', '2023-03-05 16:03:48', '2024-03-05 16:03:48'),
('6b5dc3c1e7c08aa35359fb3d5d60164a4f50b0ddbdfc584ca30d981ca64abe7200f9dc93d1716a19', 29, 1, 'passport_token', '[]', 0, '2023-03-05 15:47:52', '2023-03-05 15:47:52', '2024-03-05 15:47:52'),
('6bf21e9400c88effd2fe53947067b8a6f4f3109e9bc9f6ea2aa7da6e01ed3909776e1857865b5d3e', 59, 1, 'passport_token', '[]', 0, '2023-04-11 01:25:06', '2023-04-11 01:25:06', '2024-04-11 01:25:06'),
('6d38b9787aede3c8596180bae9a3b8a13b2b624b17b6f68124991bd2d83036b664749ca9c888b352', 17, 1, 'passport_token', '[]', 0, '2023-03-02 22:27:50', '2023-03-02 22:27:50', '2024-03-02 22:27:50'),
('6e3defa92dcf1ecae04bc3a9b6485c8177bee3f2559b83f01aff7cb921d38744f502d41c4ff2971b', 58, 1, 'passport_token', '[]', 0, '2023-03-18 11:42:00', '2023-03-18 11:42:00', '2024-03-18 11:42:00'),
('6e4ac5fff7a59fc8188261f96eb063d2f453e8f0b7667756d7f75011bcc766af20f286f10966ed21', 36, 1, 'passport_token', '[]', 0, '2023-03-05 19:06:22', '2023-03-05 19:06:22', '2024-03-05 19:06:22'),
('6ee90b6f1daaa2ca7dc9d2aa834e6de081953fd50d94b6d4f9dd6a2ad265f503477f0d23f71840e1', 20, 1, 'passport_token', '[]', 0, '2023-02-10 12:45:30', '2023-02-10 12:45:30', '2024-02-10 12:45:30'),
('6f8a696bc1112365401ae0d016b3296b12413c0881b2444d166dc1e867f53140cecd196c6156a155', 42, 1, 'passport_token', '[]', 0, '2023-03-05 21:22:18', '2023-03-05 21:22:18', '2024-03-05 21:22:18'),
('70151738cc92f14f93b1c7d848b804b46d0a86c1419cf32164674ee5009c0f2d6293d949a3539bcd', 28, 1, 'passport_token', '[]', 0, '2023-03-04 21:33:31', '2023-03-04 21:33:31', '2024-03-04 21:33:31'),
('70286987129def7a71888404911987e842ad8236fcb5814a315ba3ea6d1f40597bc60b4c86621982', 50, 1, 'passport_token', '[]', 0, '2023-03-06 16:10:10', '2023-03-06 16:10:10', '2024-03-06 16:10:10'),
('70f85469d92f3c3ce8ad4318f610e01202a553afb0eecfd76bd6d02153b0e5449ac97d1137e0b538', 18, 1, 'passport_token', '[]', 0, '2023-03-03 17:03:30', '2023-03-03 17:03:30', '2024-03-03 17:03:30'),
('70fdf80947f89983793be199e0dbee2ebd256df7fe0e64269c0576641c765d537fac8e1dc538ece6', 30, 1, 'passport_token', '[]', 0, '2023-03-05 15:25:35', '2023-03-05 15:25:35', '2024-03-05 15:25:35'),
('71462f93d726ddc8d850e8460eda7ad8ed59d83427e344731c1f5d5c60f234f847abccc2924cd553', 10, 1, 'passport_token', '[]', 0, '2023-02-14 15:42:25', '2023-02-14 15:42:25', '2024-02-14 15:42:25'),
('71b20424538a4350ace2aba9592374353044bb49a3da6d2b62967eadfd000da87efd308928b36c8b', 54, 1, 'passport_token', '[]', 0, '2023-03-06 17:01:05', '2023-03-06 17:01:05', '2024-03-06 17:01:05'),
('71db75d4eabbd0aadca733d22e9914574a936892c7cc89a99b5c11a36f94a5b64e09b327d18b37e0', 2, 1, 'passport_token', '[]', 0, '2023-03-03 15:03:44', '2023-03-03 15:03:44', '2024-03-03 15:03:44'),
('72e49c5af04137ab1a1b2c64023e97a0fcd97eb29a4c9641c938319ab5d08eb366421546143002ec', 15, 1, 'passport_token', '[]', 0, '2023-02-10 11:48:48', '2023-02-10 11:48:48', '2024-02-10 11:48:48'),
('730b8d6f931a9cd8452c9228795934899d3459133e5f59fa7f149b1acb2e57ebab71a43d11fbd02f', 65, 1, 'passport_token', '[]', 0, '2023-03-29 00:31:48', '2023-03-29 00:31:48', '2024-03-29 00:31:48'),
('733808657d8f1a8c83ec0e4374fd46d27e366ad386b9efd1e73c114a21c531c6e12bdd4572c8e3f0', 22, 1, 'passport_token', '[]', 0, '2023-03-03 20:29:15', '2023-03-03 20:29:15', '2024-03-03 20:29:15'),
('73b9c5dfca6ac30a0c6f7d9b906b5e5c87b9fee56047980ad94c939c6c9fdb2b19de19928cd852d2', 74, 1, 'passport_token', '[]', 0, '2023-04-11 05:32:32', '2023-04-11 05:32:32', '2024-04-11 05:32:32'),
('73dae11713db4614a8d3f3ca95008fc65b7ee9ea09f0008348b829c25e1b9fd8fce74cf83c2dc354', 58, 1, 'passport_token', '[]', 0, '2023-03-18 11:41:58', '2023-03-18 11:41:58', '2024-03-18 11:41:58'),
('742f955fac195e89fdd57af39585d2f5b31d54e78276a4fe686aac8ac0a35de2525a38939ba0d709', 66, 1, 'passport_token', '[]', 0, '2023-03-28 23:48:31', '2023-03-28 23:48:31', '2024-03-28 23:48:31'),
('74ab59f4da091285f0ccad8b19cf407e74dfcd202fa6a76f5fb8db5172205477d2c29e391115f012', 58, 1, 'passport_token', '[]', 0, '2023-03-26 17:16:31', '2023-03-26 17:16:31', '2024-03-26 17:16:31'),
('74f5e04d6b2a840574df73dcea659b738ed9f99666b34cc3ebc982434ed2590eecaf0b061ed3c4f8', 61, 1, 'passport_token', '[]', 0, '2023-03-24 12:11:31', '2023-03-24 12:11:31', '2024-03-24 12:11:31'),
('757af6989f970bbc4ce3a1444cb1af5084ddb72112b459e167a729bf77bb73343f11c5cda96a879a', 59, 1, 'passport_token', '[]', 0, '2023-04-11 01:22:42', '2023-04-11 01:22:42', '2024-04-11 01:22:42'),
('75aaff084700753d2c61b2d64c25db1d01cfa4e1bb702d810b3869df9f61d0463a64823d897e585d', 28, 1, 'passport_token', '[]', 0, '2023-03-04 21:33:29', '2023-03-04 21:33:29', '2024-03-04 21:33:29'),
('75f0c4940c32a3a0046a60f507dfdb323ec00f0b66cf5d8465b9a11b45d406c618e892fab3635ace', 58, 1, 'passport_token', '[]', 1, '2023-03-18 14:13:41', '2023-03-18 14:13:41', '2024-03-18 14:13:41'),
('75f4f5ab13df5b5f9a7b225a9a514e63526f3cd4480f4027209f6248ffc3e7781adeb663b9d7a0ce', 49, 1, 'passport_token', '[]', 0, '2023-03-06 15:54:48', '2023-03-06 15:54:48', '2024-03-06 15:54:48'),
('76215d524af5fea88bfc2dabac97ea23697ce9b0a10a1af393bd0b1b503b7e06aefd097b93334acc', 58, 1, 'passport_token', '[]', 0, '2023-03-06 21:36:30', '2023-03-06 21:36:30', '2024-03-06 21:36:30'),
('77088e89a8cbbee6198e19d2d2e4c86db20e36891d3c85d961651080bbe0946ac86e111197d969ad', 59, 1, 'passport_token', '[]', 0, '2023-04-11 01:20:31', '2023-04-11 01:20:31', '2024-04-11 01:20:31'),
('77d5482059e78aa833e109bc660afd154ceddcae21ce12019917883a2c2707db693e146de76d1c95', 29, 1, 'passport_token', '[]', 0, '2023-03-05 16:19:30', '2023-03-05 16:19:30', '2024-03-05 16:19:30'),
('780e2fa136198e0aab639e4d8a6f6623adca5e8cfe75517e3d524644ee75a5b6ffe020942819191b', 37, 1, 'passport_token', '[]', 0, '2023-03-05 19:10:10', '2023-03-05 19:10:10', '2024-03-05 19:10:10'),
('7838958bd3f589fe74cba77eb49a830d7a5e7af92fcd3c7ac14b747a733fb1b872c596ed1a1de502', 50, 1, 'passport_token', '[]', 0, '2023-03-06 16:10:56', '2023-03-06 16:10:56', '2024-03-06 16:10:56'),
('7863cf6cdd29e96f27f0c15fa5a5d1827f1c8e44f80d26ad2dae4a7e71a835e6cbd5ef6b2d9974b2', 29, 1, 'passport_token', '[]', 1, '2023-03-05 16:14:40', '2023-03-05 16:14:40', '2024-03-05 16:14:40'),
('788d9c3b7fffb41abcc4eedd85ee4f6a2eb3bb3087d114165cab4cfd89303ef397551aa0d5522176', 40, 1, 'passport_token', '[]', 0, '2023-03-05 19:26:35', '2023-03-05 19:26:35', '2024-03-05 19:26:35'),
('78c2a673e9f310e6ed0417d10835d37d06baa7cc7b27343de8351c559fc4fbcecf16340e2a6b49b8', 29, 1, 'passport_token', '[]', 0, '2023-03-04 21:43:56', '2023-03-04 21:43:56', '2024-03-04 21:43:56'),
('78eb898c39150567b18326e35f9ffece99c78384840f1a5463297838761c8b73aa97d9063d373eb2', 59, 1, 'passport_token', '[]', 0, '2023-04-11 01:16:23', '2023-04-11 01:16:23', '2024-04-11 01:16:23'),
('7a61c30bd4e30d8f0bee58805c0fec46d7000091c297bc5295f939efe71595cd2f721534864673b5', 33, 1, 'passport_token', '[]', 0, '2023-03-19 13:13:04', '2023-03-19 13:13:04', '2024-03-19 13:13:04'),
('7a703f33ff20cd54eeba110e8bef7a6fdb1e092159f49d484496f6100a417282949eee7552c99d23', 17, 1, 'passport_token', '[]', 0, '2023-03-02 22:27:50', '2023-03-02 22:27:50', '2024-03-02 22:27:50'),
('7ae97fbf3e2c1088f001d00989d7eff7849ac238b67021f9771eadc4e23becc6816f21339bfceb96', 58, 1, 'passport_token', '[]', 0, '2023-03-18 14:11:55', '2023-03-18 14:11:55', '2024-03-18 14:11:55'),
('7b5a7d906cbf3ffcdb42092f67d66fb8cfe7ea38669df9a9f16165bfb30853babe2de83c3798aee3', 58, 1, 'passport_token', '[]', 0, '2023-03-25 02:14:11', '2023-03-25 02:14:11', '2024-03-25 02:14:11'),
('7b975bbb8290d06361b4aa9d599ae70e17e3e1b563456726f6cd4bc7cc09716103973971ae370c0f', 59, 1, 'passport_token', '[]', 0, '2023-04-11 01:33:05', '2023-04-11 01:33:05', '2024-04-11 01:33:05'),
('7ba6fb969bc0bb91f482dc60643b457f84286450c52a3d29b13e25dbde0026e9dcdc0e0d0c7bf2a4', 58, 1, 'passport_token', '[]', 0, '2023-03-15 04:41:36', '2023-03-15 04:41:36', '2024-03-15 04:41:36'),
('7d4c1912a7804a92ed2b7fe4d15bde4e189cd683ed8717b6d9a31828fdb3687d9ea2b621d2b94bec', 12, 1, 'passport_token', '[]', 0, '2023-02-17 16:54:38', '2023-02-17 16:54:38', '2024-02-17 16:54:38'),
('7d6267b6e62e3eef9b48cc8d7154fa35eefe196a49822ffa26685d9af8400cd88548f390e4b12b8c', 59, 1, 'passport_token', '[]', 0, '2023-04-11 01:23:29', '2023-04-11 01:23:29', '2024-04-11 01:23:29'),
('7dae1406697ed319915bd7fc1038abccec95618813806975d6a1284cfd0caceba3c912f393c9fa86', 19, 1, 'passport_token', '[]', 0, '2023-02-10 12:28:09', '2023-02-10 12:28:09', '2024-02-10 12:28:09'),
('7e97e12a55cc3f713e098cb5c5127456e43df6ac5e25e7963d24dcc6d05f500e3bba097f1f61e378', 12, 1, 'passport_token', '[]', 0, '2023-02-18 04:46:44', '2023-02-18 04:46:44', '2024-02-18 04:46:44'),
('7f66eb8d508692398dce8c3fba9cfa98ef432b6d60f8152f46724cda7f7bde218fa87d9786e363d1', 2, 1, 'passport_token', '[]', 0, '2023-02-13 18:47:00', '2023-02-13 18:47:00', '2024-02-13 18:47:00'),
('80bc8ef80b3daf4c9fd402f8dc5cb502fd72850f1c4e30828e8f0461323e24812c39fc73d3bc0f33', 12, 1, 'passport_token', '[]', 0, '2023-02-09 19:53:35', '2023-02-09 19:53:35', '2024-02-09 19:53:35'),
('80d5d3248cedcc6ecb6d1a43118855ce6b9eb9e9694fffca22ca42e2c8143fe82905cd5c5650b3de', 29, 1, 'passport_token', '[]', 0, '2023-03-04 21:43:58', '2023-03-04 21:43:58', '2024-03-04 21:43:58'),
('80e51496f3dde06f9bf49b453307bd3657df4ff43acbe8973de5c495287990f323a8b393e8f7620a', 9, 1, 'passport_token', '[]', 0, '2023-02-09 19:48:17', '2023-02-09 19:48:17', '2024-02-09 19:48:17'),
('8142109327e116b0388af36cf621052dd76dd96ec6554bce1deb855ddd9eae9ffe0be9d8aecaa58f', 16, 1, 'passport_token', '[]', 0, '2023-02-21 22:09:47', '2023-02-21 22:09:47', '2024-02-21 22:09:47'),
('815da91807604498b890500d2b0f1be04f1d5218d177e8d029c7504b2f63c1605796d1b25560c4a9', 22, 1, 'passport_token', '[]', 0, '2023-03-03 20:29:13', '2023-03-03 20:29:13', '2024-03-03 20:29:13'),
('82582e658a82cf8e8bd26395194b85ea7a94e2beedfa12f1d515c02fdf706215d2bb7e45d2e5f51b', 11, 1, 'passport_token', '[]', 0, '2023-02-14 16:00:03', '2023-02-14 16:00:03', '2024-02-14 16:00:03'),
('82d4021a8c89439abfb8f35be5e3093a000a6099bd7eb8113315eae315f48d9803cb4eeda4a19eaa', 29, 1, 'passport_token', '[]', 0, '2023-03-04 21:43:58', '2023-03-04 21:43:58', '2024-03-04 21:43:58'),
('83a24f90344c5d0914b072496a5ea294aa17b266edb34b495e7e7abfab75747fba58c150ca147065', 17, 1, 'passport_token', '[]', 0, '2023-02-23 03:55:20', '2023-02-23 03:55:20', '2024-02-23 03:55:20'),
('84458da7b0bae483c9ee4d5f44c838d0c5e12de280080aa265bcd32a0eaee75538a15a62d53ffae8', 29, 1, 'passport_token', '[]', 1, '2023-03-05 16:32:08', '2023-03-05 16:32:08', '2024-03-05 16:32:08'),
('844b27dbe87ce429ffa556568241e686b11aeada1206aa3ede4de9c11e659073808e26602759bf34', 58, 1, 'passport_token', '[]', 0, '2023-03-18 11:41:57', '2023-03-18 11:41:57', '2024-03-18 11:41:57'),
('846403a35e54a3436736f0ca8df580fd36a79695a9d624cd12c6791d5609f4f821b69d528e83b73b', 14, 1, 'passport_token', '[]', 0, '2023-02-21 22:01:29', '2023-02-21 22:01:29', '2024-02-21 22:01:29'),
('85ad7afb856cfc348976202431c9ebef1bf3355b2d37ff0933fde72f595153216803e083730be1f8', 17, 1, 'passport_token', '[]', 0, '2023-03-03 18:26:00', '2023-03-03 18:26:00', '2024-03-03 18:26:00'),
('86a767af7954aa3a1ed50ce1760ccf36a7dbc4e382a2d7b3870d9888a68054dca7539e71f774cb4b', 19, 1, 'passport_token', '[]', 0, '2023-02-10 12:44:24', '2023-02-10 12:44:24', '2024-02-10 12:44:24'),
('86b37c591cbfc5cda8c70c0cfa80da1a6fbf3d22201c60aebc10b1d07d31f7d4738a345970f2b1b7', 29, 1, 'passport_token', '[]', 0, '2023-03-04 21:43:57', '2023-03-04 21:43:57', '2024-03-04 21:43:57'),
('87174e96d07ecfb1651020bf85713de3cfa9b7e37e1637f159466602dd5c79d74fecc3a89d3aca0d', 32, 1, 'passport_token', '[]', 1, '2023-03-05 15:43:43', '2023-03-05 15:43:43', '2024-03-05 15:43:43'),
('87c7ac260c2da2bb968a5b67d558bcc32223fd4ec5340c383a1eeba2c8aec083eb1a37ede2e5de83', 8, 1, 'passport_token', '[]', 0, '2023-02-14 02:26:17', '2023-02-14 02:26:17', '2024-02-14 02:26:17'),
('880dd3ab5a247445bf9f2f391b2354ff04bceb873e3bae22670a3a2c3659c5338d4fcf277a51473f', 2, 1, 'passport_token', '[]', 0, '2023-02-03 21:21:33', '2023-02-03 21:21:33', '2024-02-03 23:21:33'),
('8858c268be8658848f2860fdd4fa9b68bf65e9ba4737ef8ba071e5c161be8c5c4b28564be82fae1e', 42, 1, 'passport_token', '[]', 0, '2023-03-05 21:22:18', '2023-03-05 21:22:18', '2024-03-05 21:22:18');
INSERT INTO `oauth_access_tokens` (`id`, `user_id`, `client_id`, `name`, `scopes`, `revoked`, `created_at`, `updated_at`, `expires_at`) VALUES
('88b7d7c31fa2648a1da2bc522862947353fc86929b993cb8beac621d4e422f3c4c74eaa18df0f98f', 2, 1, 'passport_token', '[]', 1, '2023-02-03 21:03:11', '2023-02-03 21:03:11', '2024-02-03 23:03:11'),
('890b347d7ad35ca8c992b573474eceafc51c1f0a2096aa1aaf239348301afecc3a3b500a9913e4d9', 58, 1, 'passport_token', '[]', 0, '2023-03-24 04:25:43', '2023-03-24 04:25:43', '2024-03-24 04:25:43'),
('896ca9f8e67ce53209a841ea657e07f0142756a1cc39f6471606cff47f637493f78d7533e5335f9a', 42, 1, 'passport_token', '[]', 0, '2023-03-05 21:22:19', '2023-03-05 21:22:19', '2024-03-05 21:22:19'),
('89cd8acccde3313d2beffc8d89951069351c1eec13f48a305d8516fce6f8100a045a59280977f6f4', 37, 1, 'passport_token', '[]', 0, '2023-03-05 19:10:08', '2023-03-05 19:10:08', '2024-03-05 19:10:08'),
('8b79b047fcae10cb7c04da6e679d5f88f1543817a9bc5ba73f591e0379174e23f8641e1fd5c65784', 12, 1, 'passport_token', '[]', 0, '2023-02-17 16:54:39', '2023-02-17 16:54:39', '2024-02-17 16:54:39'),
('8c2bccea33812922eff2c595df61aa6e461ea7a96f09437f11c13412563ef1f0ea2a27e96f4676f2', 9, 1, 'passport_token', '[]', 0, '2023-02-14 15:50:37', '2023-02-14 15:50:37', '2024-02-14 15:50:37'),
('8c472dd2b7be2b49c90d3cf26b70f46259fa3222d880e135760cac3ef14ada9409a03478ca1cb76c', 68, 1, 'passport_token', '[]', 0, '2023-04-08 18:48:05', '2023-04-08 18:48:05', '2024-04-08 18:48:05'),
('8cf1b784c6008a689be240b5bd34b74415124750e6a60d161b31f98ed19da67198fcb71deef7fc90', 8, 1, 'passport_token', '[]', 0, '2023-02-10 12:43:16', '2023-02-10 12:43:16', '2024-02-10 12:43:16'),
('8d53b36468686f741f33ec4bdbbc128b373d1cb999e65bcf7b0be3612b06e4d0e01d40bfc2449994', 58, 1, 'passport_token', '[]', 0, '2023-03-15 13:28:29', '2023-03-15 13:28:29', '2024-03-15 13:28:29'),
('8d6463f6f3bbacbdf04ac1fe3dbd2b13a0f9d7ae6965fb9d7841a7db1a003494e8a59647d2c117fc', 15, 1, 'passport_token', '[]', 0, '2023-02-10 11:48:50', '2023-02-10 11:48:50', '2024-02-10 11:48:50'),
('8e216f6aeeb55a34839b2e3ad9b79d2b08597c9d0d12b65ae46554ad7e98160139819006e0f5e4f5', 33, 1, 'passport_token', '[]', 0, '2023-03-05 15:58:26', '2023-03-05 15:58:26', '2024-03-05 15:58:26'),
('8e68d41ddcecab661a75abdff0beca4a81ac9bb78be923fc5cdca73a4db714028813dc0c16078438', 67, 1, 'passport_token', '[]', 0, '2023-04-03 22:51:12', '2023-04-03 22:51:12', '2024-04-03 22:51:12'),
('8e8fb46d00039935e8c42d8c2deeab6925187afa28748c01e0d8e4646af151878be9559c519367fd', 17, 1, 'passport_token', '[]', 0, '2023-03-02 22:27:50', '2023-03-02 22:27:50', '2024-03-02 22:27:50'),
('913b9fa5dd50086b86dd81c5890bb9cf40bf9c4aa6a34234da6e5c54c724191cdbd0d9f11c6be09f', 14, 1, 'passport_token', '[]', 0, '2023-02-20 03:48:48', '2023-02-20 03:48:48', '2024-02-20 03:48:48'),
('91d5c94cd8a8f12b479a72846133e9dc5b528feda858d40204e3070befc20d72df2380aaee515c5b', 67, 1, 'passport_token', '[]', 1, '2023-03-29 00:25:41', '2023-03-29 00:25:41', '2024-03-29 00:25:41'),
('91f5a7564bf520e1699d11821a71143a223935cb9aacc6a6e0261fb78034507454c865cdc2532dd0', 29, 1, 'passport_token', '[]', 1, '2023-03-05 15:47:55', '2023-03-05 15:47:55', '2024-03-05 15:47:55'),
('927b5887dd5becbba598b922a2808729fb11b79845b01411a46f2f4ff6ca76be26aa59f3c61a9d06', 22, 1, 'passport_token', '[]', 0, '2023-03-03 20:29:15', '2023-03-03 20:29:15', '2024-03-03 20:29:15'),
('9303571f7c87f09f15745977e3fd92bbbb8966c38e9d00cb09cc3ea191ebdfc704690341caabaec3', 19, 1, 'passport_token', '[]', 0, '2023-02-10 11:55:36', '2023-02-10 11:55:36', '2024-02-10 11:55:36'),
('93c6090e03240443d14b4cecc5ba246bcc31c3bac94eb1a9db0a06d4ff99d8da3c69ab2b52e3b08b', 28, 1, 'passport_token', '[]', 0, '2023-03-04 21:33:31', '2023-03-04 21:33:31', '2024-03-04 21:33:31'),
('93fa7d44190040b94731a35b1c336c883c18985ddf2abae8f27d0dbba73ac911d438810ad5cd28b7', 56, 1, 'passport_token', '[]', 0, '2023-03-06 18:18:15', '2023-03-06 18:18:15', '2024-03-06 18:18:15'),
('9424e757d1cc16c8556df16f6e61f23c7e07d5607d7ab2e9bc22c4b966e80acc00f6198bc70dd0b7', 68, 1, 'passport_token', '[]', 0, '2023-04-07 23:21:04', '2023-04-07 23:21:04', '2024-04-07 23:21:04'),
('963144446bb912b6f8d77a194138c37614e44338aa49bfa53632bcbb96204881a855ea1bd468f7a1', 36, 1, 'passport_token', '[]', 0, '2023-03-05 19:06:23', '2023-03-05 19:06:23', '2024-03-05 19:06:23'),
('969a612ec5ed2c6886d393ffefe84a9ff7a5eed0bf63a26277858e67ab8ed67e8a5575e5ab0a7b74', 10, 1, 'passport_token', '[]', 0, '2023-02-09 19:48:33', '2023-02-09 19:48:33', '2024-02-09 19:48:33'),
('96e94af36339700f60b5453f3a4e0abb126e9f820789d250f3b21676d4aac76ee3ad631b4f4dc835', 20, 1, 'passport_token', '[]', 0, '2023-02-10 12:49:48', '2023-02-10 12:49:48', '2024-02-10 12:49:48'),
('97181238b841412ec9f47c971ea2a0f2b6c874166549d906bb14344645077e1ffb644cac144f78d1', 17, 1, 'passport_token', '[]', 0, '2023-03-02 11:57:30', '2023-03-02 11:57:30', '2024-03-02 11:57:30'),
('97a9abc6f716e7fe77aaa1beffb261cf8b2f0a9b221f41fba396ee90087103a92031f2cfe886ce6b', 75, 1, 'passport_token', '[]', 0, '2023-04-11 21:10:46', '2023-04-11 21:10:46', '2024-04-11 21:10:46'),
('97ff652c0ad422e914eabb6f3f235a8634a22f8cb09385690d932d4a9caec292eb2fdf04e774f773', 7, 1, 'passport_token', '[]', 0, '2023-02-10 17:32:30', '2023-02-10 17:32:30', '2024-02-10 17:32:30'),
('98d96e4c0e841e73c4331850595ed059a310a7c6dd7a15898d8b91437bfa95144487d423febf93be', 26, 1, 'passport_token', '[]', 0, '2023-03-04 15:53:03', '2023-03-04 15:53:03', '2024-03-04 15:53:03'),
('9952cc0702641a5eddc1998ed9277e7eaf94623e35bc694dd156f550b2b2d8c4754a94fc92f1ebc2', 68, 1, 'passport_token', '[]', 1, '2023-04-07 21:58:40', '2023-04-07 21:58:40', '2024-04-07 21:58:40'),
('998cb7df522a771ec28b1fe3f3ed497dacaaefca370366a6c5b2ed619aabf8df401d4b7d01779989', 29, 1, 'passport_token', '[]', 0, '2023-03-05 14:28:50', '2023-03-05 14:28:50', '2024-03-05 14:28:50'),
('9a24dbff456ff349e3702a6537a3864544c218d609d73f5be7b8e54d49552e255167068da15ce237', 43, 1, 'passport_token', '[]', 0, '2023-03-05 21:27:04', '2023-03-05 21:27:04', '2024-03-05 21:27:04'),
('9a2f01012032cdd6111e0177002a364d4c35acd4231668598ab0b2dc46c72900b13c4d940c1ad6aa', 25, 1, 'passport_token', '[]', 0, '2023-03-04 15:49:20', '2023-03-04 15:49:20', '2024-03-04 15:49:20'),
('9a4d1fda1ec6febdffe92ba05cf49a8d341e782215bff108024409ecab831065997c4a4144e8f953', 17, 1, 'passport_token', '[]', 0, '2023-03-02 11:53:14', '2023-03-02 11:53:14', '2024-03-02 11:53:14'),
('9c850304b934d767235af5bc25e0ef01020e6f9e0ecffa3177fb6d6c6832fc64d980a65ad623e798', 29, 1, 'passport_token', '[]', 0, '2023-03-05 16:14:38', '2023-03-05 16:14:38', '2024-03-05 16:14:38'),
('9cb66076a33c596268d94a9374f9b0295cb0902c5065fe09fc5cb8f372d25e9421810bccbe5b7638', 22, 1, 'passport_token', '[]', 0, '2023-03-03 20:29:15', '2023-03-03 20:29:15', '2024-03-03 20:29:15'),
('9cc1610c33dff93e7cc602358434f659d3fdf9e923bf12a14b2f2f3acb9a67d7a9f7b23a491fb35f', 29, 1, 'passport_token', '[]', 1, '2023-03-05 14:28:51', '2023-03-05 14:28:51', '2024-03-05 14:28:51'),
('9d26c24289fd687f8a6a917ee182cc48c645006c6972dc39a627ddc5bc81eadb19ec2de0ea17f096', 37, 1, 'passport_token', '[]', 0, '2023-03-05 19:10:10', '2023-03-05 19:10:10', '2024-03-05 19:10:10'),
('9d8333e3c0d6e262d45318323315b57e7010207d897e754d905abe58b85c3a02b5e3074e828f850c', 40, 1, 'passport_token', '[]', 0, '2023-03-05 19:26:35', '2023-03-05 19:26:35', '2024-03-05 19:26:35'),
('9dcb26143f28ff405c8c3072459d3bdf8025d8aaeb55d41257906233b52bd86653fb4220bdc87f04', 69, 1, 'passport_token', '[]', 0, '2023-04-11 01:33:29', '2023-04-11 01:33:29', '2024-04-11 01:33:29'),
('9e7d60e8e77ee71a1ef4b802b5dccd81408f189702a6615fb7a6f1bfdd4decf1bbccd972ecb45262', 18, 1, 'passport_token', '[]', 0, '2023-02-10 01:40:49', '2023-02-10 01:40:49', '2024-02-10 01:40:49'),
('9f8e388cfe605a3174f26bd6afcef72d269269c291f07207e9efb9b519353c9210a6a718b73ce761', 58, 1, 'passport_token', '[]', 0, '2023-03-08 15:54:43', '2023-03-08 15:54:43', '2024-03-08 15:54:43'),
('9fb42d0139b282069dbb6b3b85ca4ba67f66420d2e6ed4ec135fa8014bf91d659791a87a8805ab4f', 58, 1, 'passport_token', '[]', 0, '2023-03-15 04:41:36', '2023-03-15 04:41:36', '2024-03-15 04:41:36'),
('9ffda385326b329f0f618d7c61149594d8fc2f9f7e0cb94d0037b0628b58d59eb7cdfcf3a5698353', 29, 1, 'passport_token', '[]', 0, '2023-03-05 14:28:50', '2023-03-05 14:28:50', '2024-03-05 14:28:50'),
('a03b6c12c9dba7920e40eca65df165bd705b654c4fa00015cc30e1f418fadffca86c49a99e1a1390', 8, 1, 'passport_token', '[]', 0, '2023-02-09 14:21:32', '2023-02-09 14:21:32', '2024-02-09 14:21:32'),
('a06ae4dfc958eaac192f6e30f90d72c64d7359da70d717afbcb36f07af2230b962c8a52be01decbe', 19, 1, 'passport_token', '[]', 0, '2023-03-03 15:03:47', '2023-03-03 15:03:47', '2024-03-03 15:03:47'),
('a12bc91e68afc19f3d1c197e8a65d35dd476a29036a18a31967cb9fa572d900405e87426e1d693f1', 43, 1, 'passport_token', '[]', 0, '2023-03-05 21:27:04', '2023-03-05 21:27:04', '2024-03-05 21:27:04'),
('a15e3d593f2b53bb7108805f770abb58c6c25c18e8b0830318abcf28f219817d1811eee8d6d4c8a7', 29, 1, 'passport_token', '[]', 0, '2023-03-05 15:52:08', '2023-03-05 15:52:08', '2024-03-05 15:52:08'),
('a2d60f8023ee1e84212cccccbf78f2b43b385e5876eb58076974c43623808aa742ad28667e47a74c', 41, 1, 'passport_token', '[]', 1, '2023-03-05 19:30:18', '2023-03-05 19:30:18', '2024-03-05 19:30:18'),
('a2ffc6358f4522242dcfd5f4d2d07a425e92a5c25ffbe1b14df905220b1b1b8fbdf7abc537f942a7', 29, 1, 'passport_token', '[]', 0, '2023-03-05 16:16:11', '2023-03-05 16:16:11', '2024-03-05 16:16:11'),
('a2ffce7de36c0609b6691c1593899b325c3fb904dad18b0345fd0c14fc12a48f1522de29d01738ee', 48, 1, 'passport_token', '[]', 0, '2023-03-06 16:05:10', '2023-03-06 16:05:10', '2024-03-06 16:05:10'),
('a32b02c4ede944f44b8dcf1180693f6cd3894e72256c7a4a26e2dbce18755c09f0e9efd2fcc86b62', 45, 1, 'passport_token', '[]', 0, '2023-03-06 01:25:08', '2023-03-06 01:25:08', '2024-03-06 01:25:08'),
('a3a10556ad94c55f10ca94304d1ad5cde04adaf1b397780d13ec2b45109e0762b8adfe4a2b0959db', 57, 1, 'passport_token', '[]', 0, '2023-03-06 20:03:37', '2023-03-06 20:03:37', '2024-03-06 20:03:37'),
('a4e6e228ea05bf2436ceaf71c20902922709579d8f04afa0cb61a0de48128b957b95298ddc6dbc39', 13, 1, 'passport_token', '[]', 0, '2023-02-19 18:37:21', '2023-02-19 18:37:21', '2024-02-19 18:37:21'),
('a4f13b4753521d97f7d2c80a58272418d0f5e34ae85e284399566bc78737004dbe3a4900d69fbc1a', 59, 1, 'passport_token', '[]', 0, '2023-04-11 01:31:42', '2023-04-11 01:31:42', '2024-04-11 01:31:42'),
('a52273d4858e8e4c472c64aa5fd8194b51240f8c918f021f2efb8bdefa96f196579ec3bb6078bbd6', 7, 1, 'passport_token', '[]', 0, '2023-02-12 17:48:11', '2023-02-12 17:48:11', '2024-02-12 17:48:11'),
('a5b46fa66b4f7fdab0e40545ee3eb81727b0667ff59b5eb7069a4b940b2bc55f36ceaef32f53e86b', 58, 1, 'passport_token', '[]', 0, '2023-03-18 11:41:57', '2023-03-18 11:41:57', '2024-03-18 11:41:57'),
('a5e6a4501384911c3ee2da933147cafe488cdbbdfb1d89b641874eda71fb24959598a72035012554', 58, 1, 'passport_token', '[]', 1, '2023-03-18 11:54:10', '2023-03-18 11:54:10', '2024-03-18 11:54:10'),
('a643671979a5947fa425973e44493313733d17f77c3142e44b36d98d7eca6c32100410afb501ac16', 58, 1, 'passport_token', '[]', 0, '2023-03-13 01:24:47', '2023-03-13 01:24:47', '2024-03-13 01:24:47'),
('a67f3a189426078f3ed47735a04273622d6757c2e65964c1d156cce3992e9f49719b723e72e3644d', 14, 1, 'passport_token', '[]', 0, '2023-02-09 20:17:43', '2023-02-09 20:17:43', '2024-02-09 20:17:43'),
('a73983a114c261e07301c47ee1075b80ba93470112e937d7a45809f5cea153e9f73ede4d8d7b523a', 58, 1, 'passport_token', '[]', 0, '2023-03-08 15:54:36', '2023-03-08 15:54:36', '2024-03-08 15:54:36'),
('a793a06eff3e0f71a9f818fa6f3f6956b39cb3599f547b3003a262ce97f66507ca0137a81de21bad', 29, 1, 'passport_token', '[]', 0, '2023-03-05 16:24:01', '2023-03-05 16:24:01', '2024-03-05 16:24:01'),
('a7aeb2fe67a03f6f06d6a87cd83da90c72c17523b93e12fe97a8b41de208c42c0ea5df91fd8c6871', 17, 1, 'passport_token', '[]', 0, '2023-03-03 18:11:07', '2023-03-03 18:11:07', '2024-03-03 18:11:07'),
('a7d834367fa809d6a52cc8be57234208ebc39b3ff84b97527eb7ad6edecbb4ba3bfbc56c1556815c', 18, 1, 'passport_token', '[]', 0, '2023-03-02 22:57:06', '2023-03-02 22:57:06', '2024-03-02 22:57:06'),
('a91391487faecdbce1b85e4e662314f0c5496eb6b23f901e0285748b1fc38a2f32289725b335ce36', 59, 1, 'passport_token', '[]', 0, '2023-04-11 01:31:06', '2023-04-11 01:31:06', '2024-04-11 01:31:06'),
('a946820659b43c7bd4b9b96d7012bec9f49a25041c0c762931e3aa218460600fa318b94e686944e0', 29, 1, 'passport_token', '[]', 1, '2023-03-05 16:16:14', '2023-03-05 16:16:14', '2024-03-05 16:16:14'),
('a9ff23b1028f16f44f8424b33a56ca242cd95e17f0e2e3925652e8b39cd4c00f9a8c66628fa19f23', 42, 1, 'passport_token', '[]', 0, '2023-03-05 19:34:53', '2023-03-05 19:34:53', '2024-03-05 19:34:53'),
('ab41e308dbcb8c10d57bb641dd409fc952a038f2af4809b836340bd420742e00ea514191394a244d', 48, 1, 'passport_token', '[]', 0, '2023-03-06 16:04:46', '2023-03-06 16:04:46', '2024-03-06 16:04:46'),
('abd0e2054fce20660f737db79fe98bfa70d46e5b075929f9c3de572ffd52408e832b92a820311879', 11, 1, 'passport_token', '[]', 0, '2023-02-14 16:19:54', '2023-02-14 16:19:54', '2024-02-14 16:19:54'),
('abd89e95e5db6fbd63ff3b51fc7ce064467ace5898e5d7651827ae41451f449e8d91ed1d6f961713', 48, 1, 'passport_token', '[]', 0, '2023-03-06 16:07:03', '2023-03-06 16:07:03', '2024-03-06 16:07:03'),
('ace38f02393d7fb2bec32cac775bca8d5676f44c523bfb66d1f657e709c593147d87e74be2292343', 29, 1, 'passport_token', '[]', 0, '2023-03-05 15:41:08', '2023-03-05 15:41:08', '2024-03-05 15:41:08'),
('ad02d19e11111e930a210e4d5534820795d60558012f733914be7fadb4896bbbf19539b8a3d99b9b', 33, 1, 'passport_token', '[]', 0, '2023-03-05 15:58:22', '2023-03-05 15:58:22', '2024-03-05 15:58:22'),
('ae1f1f11b1a0322f3d30eeb0df017e93c6a27c9e09a14c69079165f9117a8ffed9f88fd25b71fdf2', 17, 1, 'passport_token', '[]', 0, '2023-03-02 22:27:51', '2023-03-02 22:27:51', '2024-03-02 22:27:51'),
('ae4b8fe558e942a096b1572bfeb25d593bd114cb1a79079f97c6e31e6a3ba37003f1da75230e46c7', 59, 1, 'passport_token', '[]', 0, '2023-04-11 01:25:22', '2023-04-11 01:25:22', '2024-04-11 01:25:22'),
('ae7225615bea88b7d4058da2f558c50ae5260b01867bc3a1945a6f58f3155474b765839e88a8b7a0', 20, 1, 'passport_token', '[]', 0, '2023-02-10 14:55:35', '2023-02-10 14:55:35', '2024-02-10 14:55:35'),
('ae8484f1cc9d3aa3ce9c26c870789a8679b1878bf96aa6b3e30454bc4294073a317027d21e8b4190', 17, 1, 'passport_token', '[]', 0, '2023-02-22 21:14:11', '2023-02-22 21:14:11', '2024-02-22 21:14:11'),
('aee021a8a59f8b141e700d1520e97c19f31ebe8ae6a4feaf4d74a61eea1d0a21db9ea767090e937c', 54, 1, 'passport_token', '[]', 0, '2023-03-06 17:00:39', '2023-03-06 17:00:39', '2024-03-06 17:00:39'),
('af34b40ba8906313bd5d5a6d504ed2fa7e4b34e3dad4285735740e9d530d26cf584a2326067aa4f7', 29, 1, 'passport_token', '[]', 0, '2023-03-05 16:14:40', '2023-03-05 16:14:40', '2024-03-05 16:14:40'),
('af833afa771baee754d41ccfc9f400fef0f24ea8308f003f613da545d74d9a0f8875d93dd21535f3', 54, 1, 'passport_token', '[]', 0, '2023-03-06 17:00:39', '2023-03-06 17:00:39', '2024-03-06 17:00:39'),
('affd4c02fcfd893228dc5996e0d3b50540000789e50b7bdfec956c79ba1df8d717fc9bc9984c1d00', 29, 1, 'passport_token', '[]', 0, '2023-03-05 16:16:13', '2023-03-05 16:16:13', '2024-03-05 16:16:13'),
('b05c204048142a741bff5af66a901c492d9f1914d18280512ca5a23519aed88e689d44c150b36b20', 29, 1, 'passport_token', '[]', 0, '2023-03-05 15:52:07', '2023-03-05 15:52:07', '2024-03-05 15:52:07'),
('b09c16c011c4068905fd7dc47e2cd782602f8b8a7f03fd789306d7e9cc5952905a3f7dad0e0a48f3', 19, 1, 'passport_token', '[]', 0, '2023-02-10 12:01:16', '2023-02-10 12:01:16', '2024-02-10 12:01:16'),
('b0a5631d121a183f762fd77a42beebe9e94dd8a6e3bfd01259454279005a912d1072eaa03f641fb1', 59, 1, 'passport_token', '[]', 0, '2023-03-21 21:11:01', '2023-03-21 21:11:01', '2024-03-21 21:11:01'),
('b1a756301edad5ca6bb081ed040898543d646d0bc31022df1ecdd6c63244418e1100bdf20ea60cd0', 75, 1, 'passport_token', '[]', 0, '2023-04-17 17:37:14', '2023-04-17 17:37:14', '2024-04-17 17:37:14'),
('b2169acd2d2d8eb3fd7d9a265b53ddb02afe6fc641a13a4cd42bcd40a14d0812c2ce487c946526cc', 15, 1, 'passport_token', '[]', 0, '2023-02-10 10:57:36', '2023-02-10 10:57:36', '2024-02-10 10:57:36'),
('b2c6c772bca240916120dabec8c7952886563ce3501ecdac5f023a216eafecedc812b7011e56a45a', 41, 1, 'passport_token', '[]', 0, '2023-03-05 19:30:16', '2023-03-05 19:30:16', '2024-03-05 19:30:16'),
('b2fcd5bb13cbcfb786b4c72fb3e3e80288b2b16f47e6da05cd7f2db33391336dc897286c3e1bd535', 44, 1, 'passport_token', '[]', 0, '2023-03-05 21:47:36', '2023-03-05 21:47:36', '2024-03-05 21:47:36'),
('b31944ddda77b541d7a3eac0cda3a5e58801fb10c4fe639f5e4679c425412a69f9e931a977911318', 68, 1, 'passport_token', '[]', 0, '2023-04-10 00:52:02', '2023-04-10 00:52:02', '2024-04-10 00:52:02'),
('b3e91456615f25793ad2d21b286caa75a47dc544e9d10801c747cda807fe6d4eebcf16a64a81c632', 17, 1, 'passport_token', '[]', 0, '2023-03-02 22:27:50', '2023-03-02 22:27:50', '2024-03-02 22:27:50'),
('b4aeb1809cfbc4c9e5c7f17d552d41ed52bfbe3bea99d06290ca90342d05a78477e20beff26ceb2f', 58, 1, 'passport_token', '[]', 0, '2023-03-12 23:16:56', '2023-03-12 23:16:56', '2024-03-12 23:16:56'),
('b4ccdf7c18fa691cfb0efbdd43f7c75d8bd9e87a6603a7855583ad13283135c33a7fd9cd3d2965af', 17, 1, 'passport_token', '[]', 0, '2023-03-02 15:08:55', '2023-03-02 15:08:55', '2024-03-02 15:08:55'),
('b744087c49417c4d3c9becd60c574f7405c68a65b10f7e8f72cf51583083c27ba51c4fba776636b7', 31, 1, 'passport_token', '[]', 1, '2023-03-05 15:32:54', '2023-03-05 15:32:54', '2024-03-05 15:32:54'),
('b7cf8ade170bc0063ef45e2ca688d056fc85d05f0a6ebd511b8f939bcdd19d19bed313d707486f66', 65, 1, 'passport_token', '[]', 0, '2023-03-29 00:52:27', '2023-03-29 00:52:27', '2024-03-29 00:52:27'),
('b83362564f1701ee1962deda307ec91b7f4d63459eb391e7ade91486d9927b4980fcc7eaecd993e3', 59, 1, 'passport_token', '[]', 0, '2023-04-11 01:19:31', '2023-04-11 01:19:31', '2024-04-11 01:19:31'),
('b9b860842f9c13cbfa29d3832b603b0560277031263a03f5586595b5b1d1d1d9a3d255e633435d03', 29, 1, 'passport_token', '[]', 0, '2023-03-05 15:52:06', '2023-03-05 15:52:06', '2024-03-05 15:52:06'),
('b9bfc6ab4961ec122c053a0b4ddb4467ea243fb41191d10fe64cf8a936975ec4edd2c138617e3994', 59, 1, 'passport_token', '[]', 0, '2023-04-11 01:32:11', '2023-04-11 01:32:11', '2024-04-11 01:32:11'),
('b9c14493e256f1e3229fb13860d89bb6a4f4f5637829e79f646380774c112f2ea5ed21bd52feb12a', 29, 1, 'passport_token', '[]', 0, '2023-03-05 15:47:52', '2023-03-05 15:47:52', '2024-03-05 15:47:52'),
('b9c7fd253bc981b801e9ff289c206c78598d6e170ba35613e0cf5fdecc7a4d98285c8c2b25288ee2', 17, 1, 'passport_token', '[]', 0, '2023-02-10 00:33:07', '2023-02-10 00:33:07', '2024-02-10 00:33:07'),
('bae2ae1d460b4d88cffc01d41913686e27c2e2923b62ad9eb6b520c234100be95f106c5aa2c8b88d', 21, 1, 'passport_token', '[]', 0, '2023-03-03 18:09:45', '2023-03-03 18:09:45', '2024-03-03 18:09:45'),
('bb77ce5e6da0674885aceb59f9f11c9a003dc4b23dbdb5ec6a329b3ca272ad028398046583b7ec45', 51, 1, 'passport_token', '[]', 0, '2023-03-06 16:13:41', '2023-03-06 16:13:41', '2024-03-06 16:13:41'),
('bbf37543e41bc238be4bb972ed13f7d8ec2f9c1c35fcc8e3d182cd16a45222f123da8b650e26f693', 29, 1, 'passport_token', '[]', 1, '2023-03-05 16:27:08', '2023-03-05 16:27:08', '2024-03-05 16:27:08'),
('bc665d0cf68ce602e5e04d4ee26876654844428b40b68f4241d47ef80227ad367a87898bb1cbc2a0', 68, 1, 'passport_token', '[]', 0, '2023-04-10 01:59:40', '2023-04-10 01:59:40', '2024-04-10 01:59:40'),
('bce663917642eb75a71fe0af6fe27f8ce609e4b9f52d172ceb67c1d05c61e15afbb7621fcb01d1de', 55, 1, 'passport_token', '[]', 0, '2023-03-06 17:13:54', '2023-03-06 17:13:54', '2024-03-06 17:13:54'),
('bcf5a2accf1723aa0280df17c1a7b0743f676971f8cfcf9f07f9764d8a4a9ec07c78f2485bf2b44b', 15, 1, 'passport_token', '[]', 0, '2023-02-21 22:04:22', '2023-02-21 22:04:22', '2024-02-21 22:04:22'),
('bda8efee6b4d3f51ba642ec8430a11edc34a3f70f08fd8313cb0880d423186054da915091cc6f1e3', 76, 1, 'passport_token', '[]', 0, '2023-04-12 23:00:04', '2023-04-12 23:00:04', '2024-04-12 23:00:04'),
('be8ace1bb1d2c3dc87b4f9df9fc7a5904bd15675885f772d43ea0537d68554088b719363367e9e29', 27, 1, 'passport_token', '[]', 0, '2023-03-04 21:27:54', '2023-03-04 21:27:54', '2024-03-04 21:27:54'),
('bedfdd4c22dcff515b79469babd584393a389674435dd5fb4299378b1077c9573fa5489cdb48ac1b', 43, 1, 'passport_token', '[]', 0, '2023-03-05 21:29:53', '2023-03-05 21:29:53', '2024-03-05 21:29:53'),
('bf50db6359725dd2c0c2dfcc305144b423a01b410157834e2d81f0f047803a9d3a41b82e4a75a63b', 72, 1, 'passport_token', '[]', 1, '2023-04-11 03:28:20', '2023-04-11 03:28:20', '2024-04-11 03:28:20'),
('bfbacb89a4aa7f2792ef8b7735588b1cf595d17dd909f65dfeb8726fbad19a522135a63f8508e968', 54, 1, 'passport_token', '[]', 0, '2023-03-06 16:54:44', '2023-03-06 16:54:44', '2024-03-06 16:54:44'),
('bffe188b284d53a1e510c9d986d6b6e2ebffde5f2778ab67791d7f42f7e1f10029e242e97c1e03e9', 29, 1, 'passport_token', '[]', 0, '2023-03-05 16:00:25', '2023-03-05 16:00:25', '2024-03-05 16:00:25'),
('c004d1e83e89d0273afefaf30f554545711072db8ee02700e09687f0e09f6a873ec7ed869607da12', 29, 1, 'passport_token', '[]', 0, '2023-03-05 16:22:22', '2023-03-05 16:22:22', '2024-03-05 16:22:22'),
('c051d11d3e354667f096c0039b7ce1e87d7496d4cdf82076e6c031a0ab7949c081653c61e6169957', 29, 1, 'passport_token', '[]', 0, '2023-03-05 16:00:28', '2023-03-05 16:00:28', '2024-03-05 16:00:28'),
('c09d06e28df25ddb211e01e3f168dc482fd8326db8440c5f5a6ba7940ba253d592364aaace5f662a', 38, 1, 'passport_token', '[]', 0, '2023-03-05 19:12:04', '2023-03-05 19:12:04', '2024-03-05 19:12:04'),
('c1e1aa810a212045f1d9c64f1bfbc2570826b6e32dda8dbfcfd3f65c5c50cf88564efd89b98065a4', 58, 1, 'passport_token', '[]', 1, '2023-03-18 14:25:24', '2023-03-18 14:25:24', '2024-03-18 14:25:24'),
('c1f5cffc3e3a79081ddd792d46cff38fb70a72ccb2003bcce330b31c2791808f7771f339127ee00f', 9, 1, 'passport_token', '[]', 0, '2023-02-14 15:50:12', '2023-02-14 15:50:12', '2024-02-14 15:50:12'),
('c2406293cbb31f7794b04b6a7a2777ce1d82cda4e2a896a22e774e1c69d52942f07dc5882e6c28cd', 75, 1, 'passport_token', '[]', 0, '2023-04-17 16:30:31', '2023-04-17 16:30:31', '2024-04-17 16:30:31'),
('c34dfa66517b2a8564369873356f0a52460f4fb49ea82e7efbcc30331cfbe4e4612d91581c641a14', 60, 1, 'passport_token', '[]', 0, '2023-03-18 22:58:14', '2023-03-18 22:58:14', '2024-03-18 22:58:14'),
('c39b33992cb00b33f64128e491d0d673f0bcb356811bf1e67c1de2e1922a4f852ce2a6800e119a7c', 29, 1, 'passport_token', '[]', 0, '2023-03-05 16:22:23', '2023-03-05 16:22:23', '2024-03-05 16:22:23'),
('c4b086795cf449b34c7eda20be52846fa6064b386faf82919533d0614f6128ac064553093400582b', 29, 1, 'passport_token', '[]', 0, '2023-03-05 16:03:46', '2023-03-05 16:03:46', '2024-03-05 16:03:46'),
('c62a03ff2fddc83c3a6d1098fceb4cb049c4b225951f3145d60b7a960481f0574b151c2c68cd9a13', 2, 1, 'passport_token', '[]', 0, '2023-02-06 23:22:44', '2023-02-06 23:22:44', '2024-02-07 01:22:44'),
('c7a0cf0726efc1a1f8df691beb773fd003e32e5e6c0c4ded2e39b76477141468f0544e4ddcb8c9a5', 17, 1, 'passport_token', '[]', 0, '2023-03-03 17:16:57', '2023-03-03 17:16:57', '2024-03-03 17:16:57'),
('c8594bba598676983fe0413807d175cba88232df8a2cd5d786afb0f2126d7ee5c177e259de80eddf', 13, 1, 'passport_token', '[]', 0, '2023-02-19 18:37:38', '2023-02-19 18:37:38', '2024-02-19 18:37:38'),
('cab78e6df7672c306b30eec10410d217d946d563fcfae4b99663e2ca18cb9e2cba6975748e4c1053', 33, 1, 'passport_token', '[]', 0, '2023-03-19 16:36:17', '2023-03-19 16:36:17', '2024-03-19 16:36:17'),
('cbd7b4f6d94ad12063e496f89c911fcb0eef152dec5cb889c19dd99d114ae83dc7da31d6f43a9f8c', 12, 1, 'passport_token', '[]', 0, '2023-02-18 04:45:50', '2023-02-18 04:45:50', '2024-02-18 04:45:50'),
('cdb81e6198b7d5343c67d8388c830725a8de1acc08fdfd69427de777d2598c50603a158b6ecee300', 13, 1, 'passport_token', '[]', 0, '2023-02-09 20:07:23', '2023-02-09 20:07:23', '2024-02-09 20:07:23'),
('cdc71bba5b1a9567f7fd9778479cb61c65072a748b4d097a451f7fdae250b1ecec55b5f87b0ec2a1', 71, 1, 'passport_token', '[]', 0, '2023-04-11 03:27:10', '2023-04-11 03:27:10', '2024-04-11 03:27:10'),
('ce5a3ceccc2cfe46654480e7ee48cda1144bbbab2a16b325512a148088c9f2b9ebcee87c30caf4f3', 39, 1, 'passport_token', '[]', 0, '2023-03-05 19:19:50', '2023-03-05 19:19:50', '2024-03-05 19:19:50'),
('ce7b1eeda72984341140365af7289b0be58151cc4a711152ab218f48b69dc9b982f1642a01fcfe71', 29, 1, 'passport_token', '[]', 0, '2023-03-05 16:19:31', '2023-03-05 16:19:31', '2024-03-05 16:19:31'),
('cef7d3a9759fd2ba1473f98ce89d9ae06168d275875d9225e4b5656cd42b12c1f2a45a278dfe2780', 17, 1, 'passport_token', '[]', 0, '2023-03-02 22:44:29', '2023-03-02 22:44:29', '2024-03-02 22:44:29'),
('cf285acc2451ac241eadce457bed25c117e41981d9a8b29057f66be340b26fdd352deeb406a34281', 44, 1, 'passport_token', '[]', 0, '2023-03-05 21:47:38', '2023-03-05 21:47:38', '2024-03-05 21:47:38'),
('cf335a9be1b2993040b708baa78b21923648035010512f9f3c16cc7e6b72acaf22c3e93074632b19', 29, 1, 'passport_token', '[]', 0, '2023-03-05 15:47:55', '2023-03-05 15:47:55', '2024-03-05 15:47:55'),
('cf5cf0220c3c5d2b8665887f44550d3a9afe2da7852a7e640b1b55baf4489482a6358889bd1f2f90', 29, 1, 'passport_token', '[]', 0, '2023-03-05 14:28:45', '2023-03-05 14:28:45', '2024-03-05 14:28:45'),
('cf7f01c6bd3c053d9228f8c85e71ac7e41f9008a889f0e14809b057ed524d5f947ed0173f9c5a985', 14, 1, 'passport_token', '[]', 0, '2023-02-20 03:45:09', '2023-02-20 03:45:09', '2024-02-20 03:45:09'),
('d05148228bfa61c60e433d4d61da7c4715c22df45b7e202b573a67d77b59e8f1175e0590a20c9e10', 12, 1, 'passport_token', '[]', 0, '2023-02-17 16:54:40', '2023-02-17 16:54:40', '2024-02-17 16:54:40'),
('d0925be3c20b55a183618cb609b542567a1963117ce410b662496b91e5e3550079368a05e6f54500', 17, 1, 'passport_token', '[]', 0, '2023-03-02 15:06:28', '2023-03-02 15:06:28', '2024-03-02 15:06:28'),
('d095be2b5748ab9541af54a498579a6ce6dfa84b02a8068818f8ae9bc7c5886b47cb4513ff2acd67', 58, 1, 'passport_token', '[]', 1, '2023-03-18 14:33:27', '2023-03-18 14:33:27', '2024-03-18 14:33:27'),
('d1add5af0512ad87371ea78ff50fae8099c9400091ddf29883edb2e00a71552ae17294e1e3690569', 1, 1, 'passport_token', '[]', 0, '2023-02-10 16:58:56', '2023-02-10 16:58:56', '2024-02-10 16:58:56'),
('d2cc652e575c6810a565ea52dabdd9bf51412869b41f248e8f5f2e528f723e6a9666ba4d80d3072e', 43, 1, 'passport_token', '[]', 0, '2023-03-05 21:29:53', '2023-03-05 21:29:53', '2024-03-05 21:29:53'),
('d3051d5d7357256180c5980b4845be76ebfcafe8ec4c5b30fd4276b98f03dc6bb3854aa95a00bf5c', 12, 1, 'passport_token', '[]', 0, '2023-02-17 02:22:37', '2023-02-17 02:22:37', '2024-02-17 02:22:37'),
('d3af95a4c82171ab2409c9587229ff8b3bbdc9d2b6c5feaf28e13719581d5b11ac3775e98df34616', 75, 1, 'passport_token', '[]', 0, '2023-04-19 19:24:15', '2023-04-19 19:24:15', '2024-04-19 19:24:15'),
('d4283b126337bbc1fb8aae294c9d57c3d8e54a9ae9f7b160752e20813902a4b2bad47d08af1d7541', 29, 1, 'passport_token', '[]', 0, '2023-03-05 16:00:26', '2023-03-05 16:00:26', '2024-03-05 16:00:26'),
('d43c4d4bc993812171b48bb73ccdf803989e7493f841d28c03cdc33c2939adb9359bdf6c5e7c6e1f', 59, 1, 'passport_token', '[]', 0, '2023-04-11 01:32:02', '2023-04-11 01:32:02', '2024-04-11 01:32:02'),
('d54c51392e12ce751be7cce527fa434ab8e6e26390160b3454b2e56e7e2dd35693f23996824040b6', 29, 1, 'passport_token', '[]', 0, '2023-03-04 21:43:56', '2023-03-04 21:43:56', '2024-03-04 21:43:56'),
('d5f39e4eead5eaa82947b76263a43aa79a56f72f0b8397f3bfb053cfbb9c3bef19ad3a56809dc903', 17, 1, 'passport_token', '[]', 0, '2023-03-02 22:27:51', '2023-03-02 22:27:51', '2024-03-02 22:27:51'),
('d67b60e5a1edfa0ccc833782f5b8186b62f3936e85f01281e94f2c7663f4ba71a8cddf1956dddc0b', 33, 1, 'passport_token', '[]', 0, '2023-03-15 13:26:37', '2023-03-15 13:26:37', '2024-03-15 13:26:37'),
('d71fcd9f25bcdb7555e2ab6dee50e5ab25747500c42703f91605e0737dc0ec0a1934c9c50218626d', 68, 1, 'passport_token', '[]', 1, '2023-04-08 04:50:43', '2023-04-08 04:50:43', '2024-04-08 04:50:43'),
('d736a66e2ef2d2a0b60094d324928b0399992756832fbdc270df54380f2d20e5ab6b01ba78fd2a6e', 7, 1, 'passport_token', '[]', 0, '2023-02-12 17:45:04', '2023-02-12 17:45:04', '2024-02-12 17:45:04'),
('d80b8330179903c26d7e2fbfc6b35786b10d21cb10497c9aaaf622da0d29c2a74538eeda21a6941a', 45, 1, 'passport_token', '[]', 0, '2023-03-06 01:22:40', '2023-03-06 01:22:40', '2024-03-06 01:22:40'),
('d83649ff93e7f12a3164cad1f22234f52eefbbd7d9875edb6c14064a3708b8331b55bf590c895263', 22, 1, 'passport_token', '[]', 0, '2023-03-03 20:29:13', '2023-03-03 20:29:13', '2024-03-03 20:29:13'),
('d99d1d6b5aaf23d0e030b6f5b86cca3c6e7ed87576854fde8807b4edf1902dd6eff9d640e76af88d', 13, 1, 'passport_token', '[]', 0, '2023-02-19 18:37:38', '2023-02-19 18:37:38', '2024-02-19 18:37:38'),
('da3e621ac0b09aedf42676a526411ee6e36eda0d289e74c539e730993beed750c1c87d7f158fbfd8', 58, 1, 'passport_token', '[]', 0, '2023-03-15 13:28:18', '2023-03-15 13:28:18', '2024-03-15 13:28:18'),
('dad992bdb20df33086321ed72088f22aeb2321fe923afbec61a16a9587b4d80a7c10b379ea46f8b8', 14, 1, 'passport_token', '[]', 0, '2023-02-20 03:44:44', '2023-02-20 03:44:44', '2024-02-20 03:44:44'),
('db3fbcb26fa9f8a11639952d624dcfbc5015ae646b9176fe32b4ffb7125c9d98f89797eea08ad7b2', 17, 1, 'passport_token', '[]', 0, '2023-03-02 22:27:51', '2023-03-02 22:27:51', '2024-03-02 22:27:51'),
('dbf5d71f23f6babdfdd3ae90bb7e2c5e900455dfb001778d57aa91921c550ecbc79db56acb000315', 29, 1, 'passport_token', '[]', 0, '2023-03-05 16:14:38', '2023-03-05 16:14:38', '2024-03-05 16:14:38'),
('dc59d7de4d2a0ec7e6c2b3463f30d8591d9cc8448f727588b7e88f432db20f346b0ea90a61447616', 19, 1, 'passport_token', '[]', 0, '2023-03-03 18:09:16', '2023-03-03 18:09:16', '2024-03-03 18:09:16'),
('dc64248c1f3eba7d77b17a040eb75fbc3dca1381b14b8bd15ee04563af807fe82a96d577d71145d4', 29, 1, 'passport_token', '[]', 0, '2023-03-05 15:47:54', '2023-03-05 15:47:54', '2024-03-05 15:47:54'),
('dc8503ac94d6d27d6990d4050191c29c394f6e12ba28924e19d2d0f5779cf26f6165fc9a038a3fcf', 42, 1, 'passport_token', '[]', 0, '2023-03-05 21:22:22', '2023-03-05 21:22:22', '2024-03-05 21:22:22'),
('dcb1b9d9414ec263a4e2d06281084f37e0342dc3fa9737db787e60830b558cb67f5962211be05dce', 41, 1, 'passport_token', '[]', 0, '2023-03-05 19:30:14', '2023-03-05 19:30:14', '2024-03-05 19:30:14'),
('dce3bfb1e20fe0bb00e49e5e8de6189060aa2f43c2f6a226285e3e418d8ab907ff975b29ea99659a', 19, 1, 'passport_token', '[]', 0, '2023-03-03 15:03:55', '2023-03-03 15:03:55', '2024-03-03 15:03:55'),
('dd188923e5ac21729955fe28dd0cba0dc0e963b74586021edbeb68bbaf0ce0383a2eba28d5c714e8', 49, 1, 'passport_token', '[]', 0, '2023-03-06 15:54:57', '2023-03-06 15:54:57', '2024-03-06 15:54:57'),
('de0aa96ea06757ca83e95efe6d28da66c0ac21cbf4d8a29c025c3ef725f25b89795374289c460324', 17, 1, 'passport_token', '[]', 0, '2023-03-02 22:27:50', '2023-03-02 22:27:50', '2024-03-02 22:27:50'),
('de3e53c2f5c01aef0cac7c0427643f4dfff90010a7593d55f3b22e616cbf79405c17789e493eb227', 26, 1, 'passport_token', '[]', 1, '2023-03-04 21:18:37', '2023-03-04 21:18:37', '2024-03-04 21:18:37'),
('dec2deaca7f1e5a8ba6cb86c1e416894a082e28e3866d9f7c68785831045cd00324593ae5017df3f', 24, 1, 'passport_token', '[]', 0, '2023-03-03 20:49:54', '2023-03-03 20:49:54', '2024-03-03 20:49:54'),
('e0db1f43cfb2b348ab5a36fe237db5e1731905a9356c3239d49f2e27099aa8b9892b324f0314dc6f', 63, 1, 'passport_token', '[]', 0, '2023-03-27 05:38:32', '2023-03-27 05:38:32', '2024-03-27 05:38:32'),
('e1462cd834a7131660880c42a40e84f58c79f29f583ab25ea5692545db55c1f0f6560e281adb8262', 17, 1, 'passport_token', '[]', 0, '2023-02-21 22:15:12', '2023-02-21 22:15:12', '2024-02-21 22:15:12'),
('e1545019f380ecf54e51c7fa51ec8e5146bd2ca57b65a02b6e02f79863bdc443d9f49fd1e3446c0b', 11, 1, 'passport_token', '[]', 0, '2023-02-14 15:59:51', '2023-02-14 15:59:51', '2024-02-14 15:59:51'),
('e164ddfa4de21042c106e5240cc4ce9fbed1fc980cc0b824c152adc303c9c4d17bd57f0786ef4331', 29, 1, 'passport_token', '[]', 0, '2023-03-05 16:00:25', '2023-03-05 16:00:25', '2024-03-05 16:00:25'),
('e173d792871d8515d1671a2c96112438acd1aaad47b62091047160b18017185a99b047ebb2830946', 20, 1, 'passport_token', '[]', 0, '2023-02-10 17:04:22', '2023-02-10 17:04:22', '2024-02-10 17:04:22'),
('e185be36df0c9e0e2144ab67c07ab7c7d114a82252dc9c891e81300782e2b132f1ca5fccd776dca7', 58, 1, 'passport_token', '[]', 0, '2023-03-12 12:24:52', '2023-03-12 12:24:52', '2024-03-12 12:24:52'),
('e2816264d1de2c8eb71d2287f0ae2b73ea586bb52f778e7344734f57e65514ddc486cfbb23840575', 29, 1, 'passport_token', '[]', 0, '2023-03-05 16:03:46', '2023-03-05 16:03:46', '2024-03-05 16:03:46'),
('e359d9eee8555104d7f526e2666e1a5dd639e6ce5bb79d9291651947ecc946e87b47624ad658bd0b', 29, 1, 'passport_token', '[]', 0, '2023-03-05 16:32:07', '2023-03-05 16:32:07', '2024-03-05 16:32:07'),
('e3827b1b61f225c7709de45a953da9df7e0c461ec3bc3a54e26643d1e94cc3207efe3dc631171599', 44, 1, 'passport_token', '[]', 0, '2023-03-05 21:47:38', '2023-03-05 21:47:38', '2024-03-05 21:47:38'),
('e4441229873da9223ab12a359855d0ba179a5029e3aa3be04613ae5f5c1d91aa6f594c076d6205db', 29, 1, 'passport_token', '[]', 0, '2023-03-05 16:19:31', '2023-03-05 16:19:31', '2024-03-05 16:19:31'),
('e45e1c45e1f18f90c9cf0ecf165682ae67fee95e599aefa23754510801a2647e7dad8ffbe1c39f86', 29, 1, 'passport_token', '[]', 0, '2023-03-05 16:16:13', '2023-03-05 16:16:13', '2024-03-05 16:16:13'),
('e4806de5b694f587207c98604f0b08ea4b3a551781b5fd6a2262fc1836e41ff59a6e38be7c3ad643', 16, 1, 'passport_token', '[]', 0, '2023-02-09 20:34:56', '2023-02-09 20:34:56', '2024-02-09 20:34:56'),
('e6b957356ffa8e5ef0f276413095c31e67780e86d799595140e6f051ddc38807387d025456c445f1', 72, 1, 'passport_token', '[]', 0, '2023-04-11 04:42:53', '2023-04-11 04:42:53', '2024-04-11 04:42:53'),
('e6f301f65dd96bf4a751bdea4d37d008bc41ae4d5aaca5150aaea8a90cb3e53354217c46670acd23', 17, 1, 'passport_token', '[]', 0, '2023-03-03 18:25:57', '2023-03-03 18:25:57', '2024-03-03 18:25:57'),
('e74836172acf4ed44785672b01f458d31e7208a2135d5f0ef8b4261c6acec990f34d04929ed7eb0f', 46, 1, 'passport_token', '[]', 0, '2023-03-06 01:37:04', '2023-03-06 01:37:04', '2024-03-06 01:37:04'),
('e7832c4330653e79fdc07a184905acf282763788382d6fb3cbbee08204eea360bb85dc0ce5fd6e5c', 18, 1, 'passport_token', '[]', 0, '2023-02-10 01:32:00', '2023-02-10 01:32:00', '2024-02-10 01:32:00'),
('e8c7fc183f533fa44eafccd2d4f57b38f7066813263599a4f2cea8b2e904470c7df7bda542a7c997', 29, 1, 'passport_token', '[]', 0, '2023-03-05 16:16:13', '2023-03-05 16:16:13', '2024-03-05 16:16:13'),
('e957ce8dead87081bbbd5a808536a7c0fea51d5e7e1e48b06c4c4ac9abafe5cb1e9a6c95ef6e6f92', 68, 1, 'passport_token', '[]', 1, '2023-04-08 02:18:20', '2023-04-08 02:18:20', '2024-04-08 02:18:20'),
('e9a169e173dc554c81af189694d6928d3bea2ef21f676807fe9a322f4b6e1dcb452242d290f02447', 68, 1, 'passport_token', '[]', 1, '2023-04-03 22:52:45', '2023-04-03 22:52:45', '2024-04-03 22:52:45'),
('e9f9da1940b527f0c760fe77624573a40f9c37c47a5971c5d9b8043df48362e3abc3eff162335edd', 65, 1, 'passport_token', '[]', 0, '2023-03-28 21:39:54', '2023-03-28 21:39:54', '2024-03-28 21:39:54'),
('ea00100ff712db30ab128b363760ad553ca7e904ce3251ef68ad7ef834d01d247722a0600f8e7e58', 25, 1, 'passport_token', '[]', 0, '2023-03-04 15:49:20', '2023-03-04 15:49:20', '2024-03-04 15:49:20'),
('ea3d29bb22dc190e13af0f2f59708a668ecdc7853a2399db1d1fa6f9029b52149c006cfb13a776d3', 61, 1, 'passport_token', '[]', 0, '2023-03-21 14:41:57', '2023-03-21 14:41:57', '2024-03-21 14:41:57'),
('ea8fb5ce6a2bf9d7c1949f5f73141ab7052be78343ee117dc599ee7d9b09fa3dadb50a60f101be84', 48, 1, 'passport_token', '[]', 0, '2023-03-06 16:02:48', '2023-03-06 16:02:48', '2024-03-06 16:02:48'),
('eb11868f37e4f3c561f862118377595d1ca52aef16142b6fa0483562ebcd44810213464cf5a86dfc', 12, 1, 'passport_token', '[]', 0, '2023-02-20 03:51:52', '2023-02-20 03:51:52', '2024-02-20 03:51:52'),
('eb383d8d2b2ff07bd2f98e0cdf699fa1ef988851d787c66e9e88f31c25f947f6161fc7d34127ad0e', 75, 1, 'passport_token', '[]', 0, '2023-04-18 05:06:32', '2023-04-18 05:06:32', '2024-04-18 05:06:32'),
('ed47099245a7b1694ebb863153576afb6857c21fb73778832dcf222017afcf0c379958b6f2926410', 29, 1, 'passport_token', '[]', 0, '2023-03-05 14:28:51', '2023-03-05 14:28:51', '2024-03-05 14:28:51'),
('ee0996fabd40dc977ba8221811ae85867e0fe38eb336782999e121c1084b799a8dd4fb46315389b8', 2, 1, 'passport_token', '[]', 0, '2023-03-03 18:09:28', '2023-03-03 18:09:28', '2024-03-03 18:09:28'),
('ee7a9b828834b629678aac73e7ed3d64144b7965b1cd292eb788200c091d13970a62f95659eef3e2', 20, 1, 'passport_token', '[]', 0, '2023-02-10 12:46:17', '2023-02-10 12:46:17', '2024-02-10 12:46:17'),
('ee7f23f9499a0670826ce01a6cf39729c37aece26ba100fa0181616d2c5d57b138f5ec7d43adea16', 29, 1, 'passport_token', '[]', 0, '2023-03-05 15:52:08', '2023-03-05 15:52:08', '2024-03-05 15:52:08'),
('ef4211c7c3564351160fe833de3f657ffffc37de97bae4ef80f79d7d64a0b358d09e453112bba9ec', 8, 1, 'passport_token', '[]', 0, '2023-02-10 12:43:18', '2023-02-10 12:43:18', '2024-02-10 12:43:18'),
('ef624e710f213f9510e4493fcc97a1f7e6b9f706cd16f078d4e6ae9306f6e653675f1aba3f048f89', 29, 1, 'passport_token', '[]', 0, '2023-03-05 16:32:07', '2023-03-05 16:32:07', '2024-03-05 16:32:07'),
('f076821ad2100d8c9c916f4219025a57b2295e64ec1416aa0cac104054cfd2e8f8d9c53515cb8a22', 34, 1, 'passport_token', '[]', 0, '2023-03-05 15:58:57', '2023-03-05 15:58:57', '2024-03-05 15:58:57'),
('f1e91a93e6cbe84bfd35f611004493e5d85e8300f8e496b278b57b6dc60bb3458a4ea2e9fdc31d66', 26, 1, 'passport_token', '[]', 0, '2023-03-04 15:52:48', '2023-03-04 15:52:48', '2024-03-04 15:52:48'),
('f201da8c337fb3881f871c9840561bd36c55b75239e139aed90806045e29681722e02bb7d7040f23', 58, 1, 'passport_token', '[]', 0, '2023-03-12 23:17:11', '2023-03-12 23:17:11', '2024-03-12 23:17:11'),
('f213e2e427f79fce20284fc38c2b7cb0ad45e4620a7f47cbe82c96e9cb88b1a65dcd11676b1ede59', 43, 1, 'passport_token', '[]', 0, '2023-03-05 21:27:01', '2023-03-05 21:27:01', '2024-03-05 21:27:01'),
('f214c472775074b74f2c0dd2ad1a0393360b168cfba78e14c7c52f18ce9a22021958da3ba945d7d7', 75, 1, 'passport_token', '[]', 1, '2023-04-11 23:01:55', '2023-04-11 23:01:55', '2024-04-11 23:01:55'),
('f2fa039420b31cd3b801fbb58cd41584f4fd247500a15ca2d96568cf36ede6c47e7a85aaa1c661c6', 44, 1, 'passport_token', '[]', 0, '2023-03-05 21:47:39', '2023-03-05 21:47:39', '2024-03-05 21:47:39'),
('f3653e03c6d1bd8fd5ab6217193085f8aea7cf7c4dd471df4c8f23f39390b8c5d337528bd952c463', 55, 1, 'passport_token', '[]', 0, '2023-03-06 17:14:16', '2023-03-06 17:14:16', '2024-03-06 17:14:16'),
('f4732adaeb36cd2a70ea0c4b2418a4eed53d94df3b6e639c4a74b73eb7b1e304ec5e1b84bf921863', 17, 1, 'passport_token', '[]', 0, '2023-03-02 22:49:53', '2023-03-02 22:49:53', '2024-03-02 22:49:53'),
('f4fdd96f51d37b860a00fed0ede50ff59306e23bab6538dbe2d4ea13b435cf9caec27f86e9252406', 23, 1, 'passport_token', '[]', 0, '2023-03-03 20:30:29', '2023-03-03 20:30:29', '2024-03-03 20:30:29'),
('f57bdc78ee39fe393c2c2752efb7f14de6372069550e3a863ce6eafcb03ebe0e5691a2e3c3ebf987', 75, 1, 'passport_token', '[]', 0, '2023-04-18 07:06:07', '2023-04-18 07:06:07', '2024-04-18 07:06:07'),
('f7e184eef4043a88fb44a432f8f7f311a09507945c8c245d9acdf4321660ae1f01f888d5c7b0a3cd', 58, 1, 'passport_token', '[]', 1, '2023-03-18 14:10:35', '2023-03-18 14:10:35', '2024-03-18 14:10:35'),
('f81943b9dfa5397f18b92fd088d7485498aff58bbc19f545238923cea9a1db3936f765dbeb37a119', 14, 1, 'passport_token', '[]', 0, '2023-02-21 22:01:38', '2023-02-21 22:01:38', '2024-02-21 22:01:38'),
('f81b9e4b27af7f50b3ae12dc0c485a1a9469b56b708909dc17cef10aacacd9903c5d63498df8e902', 29, 1, 'passport_token', '[]', 0, '2023-03-05 14:28:50', '2023-03-05 14:28:50', '2024-03-05 14:28:50'),
('f827de1205e3ca07d34b82b1aecc70e273f451f50f918890adf26079b00cb62b022f3ee13089294d', 54, 1, 'passport_token', '[]', 0, '2023-03-06 16:53:59', '2023-03-06 16:53:59', '2024-03-06 16:53:59'),
('f940fb1d7ac753a189e5687b6de8ccd7d3eeb6ecf3ff3f06749f11d3fd0590dd12c324c527b3bcbf', 50, 1, 'passport_token', '[]', 0, '2023-03-06 16:10:42', '2023-03-06 16:10:42', '2024-03-06 16:10:42'),
('f948481e11e426922640e1f390d896f3d6339d2ea48f658f3d32227a235cce14183e38758579197f', 29, 1, 'passport_token', '[]', 0, '2023-03-05 15:41:09', '2023-03-05 15:41:09', '2024-03-05 15:41:09'),
('f9c97ea4612b1c4f33da60202b5b306d424e58df9ae996e833384851cb6ace0be90019cacdc6fc61', 54, 1, 'passport_token', '[]', 0, '2023-03-06 16:52:12', '2023-03-06 16:52:12', '2024-03-06 16:52:12'),
('f9ed6b856052e7d5d063af403158d45bf77daf4681e0f5d49af2e634bd18bc8a4ca90e3f66ceeaed', 50, 1, 'passport_token', '[]', 0, '2023-03-06 16:10:56', '2023-03-06 16:10:56', '2024-03-06 16:10:56'),
('f9ef45fb71da4fe8afd2c418951a49e52c0f00f01e8d5c97916aa23587ed9ae6e89aec5291b993e1', 7, 1, 'passport_token', '[]', 0, '2023-02-12 20:20:29', '2023-02-12 20:20:29', '2024-02-12 20:20:29'),
('fa7f24acf7ab87c38073af11c94ad0951a11f2d3997235b0f2bae44bad71430c957402f202b96407', 17, 1, 'passport_token', '[]', 0, '2023-02-21 22:14:34', '2023-02-21 22:14:34', '2024-02-21 22:14:34'),
('fadc8b981f89f08c490043c194413e9ddb1e8184bcc54dfd773a0061620109432855cc71154c49e1', 15, 1, 'passport_token', '[]', 0, '2023-02-10 02:04:21', '2023-02-10 02:04:21', '2024-02-10 02:04:21'),
('fb74527832eae7ae4d99c539a168530c80c705cd6f279f4c2d5fe307aafc7f598d63f057970b443c', 18, 1, 'passport_token', '[]', 0, '2023-03-02 22:47:34', '2023-03-02 22:47:34', '2024-03-02 22:47:34'),
('fb84e5d3db477d3d4cc4f52c4964d81d17fdf77aa04b8ed0c7991b692e3c9c62721c9e5ddb54dd98', 14, 1, 'passport_token', '[]', 0, '2023-02-20 03:47:02', '2023-02-20 03:47:02', '2024-02-20 03:47:02'),
('fc9d8e6e9ed948c4039ae3dcc2a9a38b1058ffdf8ccde5627e4aeabe0464cdec0b2b15f16941dde2', 68, 1, 'passport_token', '[]', 1, '2023-04-08 04:31:16', '2023-04-08 04:31:16', '2024-04-08 04:31:16'),
('fd21e3a47ba73ad797ff116c759a0fa09d52838e99a386237c17829c6bbcebd30776c1d282fca13f', 1, 1, 'passport_token', '[]', 0, '2023-02-13 21:34:04', '2023-02-13 21:34:04', '2024-02-13 21:34:04'),
('fe155ed6360e5770018ad31c9ba69114aaf95e508f7dec92e9cda5a06b1ee528cb9146e6d993a406', 38, 1, 'passport_token', '[]', 0, '2023-03-05 19:10:36', '2023-03-05 19:10:36', '2024-03-05 19:10:36'),
('fe6368afb666e583001ceea858d5693db6f4dba00bb382d2de01cff34d2fd5e07f0f1fdc191d4197', 29, 1, 'passport_token', '[]', 0, '2023-03-05 14:28:50', '2023-03-05 14:28:50', '2024-03-05 14:28:50'),
('fea1b380e3f46cd7db82dde29bd25e5bd2854d78318157b6b2f508e451587d1d2896711ffbfdddbf', 43, 1, 'passport_token', '[]', 0, '2023-03-05 21:27:02', '2023-03-05 21:27:02', '2024-03-05 21:27:02'),
('ff129e935424976564218f81f246bd7934da3d6ea2acb909a3568a3b344baea00a012893b74da042', 58, 1, 'passport_token', '[]', 0, '2023-03-13 00:41:55', '2023-03-13 00:41:55', '2024-03-13 00:41:55'),
('ff3ffc3df5848b55e79e8889f4a007bf35dedaa2e1d31be684aa6da78898ac6dd99098f09364a645', 29, 1, 'passport_token', '[]', 0, '2023-03-05 15:48:45', '2023-03-05 15:48:45', '2024-03-05 15:48:45'),
('ff835f61f64e6fbe3d3d2eb2c28e3883db38c529ca55e09e2dc7b87c032f91e7aae1b53fe7ac4600', 30, 1, 'passport_token', '[]', 0, '2023-03-05 15:26:43', '2023-03-05 15:26:43', '2024-03-05 15:26:43'),
('fff280f615b5ada4d6cc5a2e1de2bc932593182d90e287c556c6c6204feabdc49abe28da28de0195', 59, 1, 'passport_token', '[]', 0, '2023-04-11 01:22:56', '2023-04-11 01:22:56', '2024-04-11 01:22:56');

-- --------------------------------------------------------

--
-- Table structure for table `oauth_auth_codes`
--

CREATE TABLE `oauth_auth_codes` (
  `id` varchar(100) NOT NULL,
  `user_id` bigint(20) UNSIGNED NOT NULL,
  `client_id` bigint(20) UNSIGNED NOT NULL,
  `scopes` text DEFAULT NULL,
  `revoked` tinyint(1) NOT NULL,
  `expires_at` datetime DEFAULT NULL
) ENGINE=InnoDB DEFAULT CHARSET=utf8mb4 COLLATE=utf8mb4_unicode_ci;

-- --------------------------------------------------------

--
-- Table structure for table `oauth_clients`
--

CREATE TABLE `oauth_clients` (
  `id` bigint(20) UNSIGNED NOT NULL,
  `user_id` bigint(20) UNSIGNED DEFAULT NULL,
  `name` varchar(255) NOT NULL,
  `secret` varchar(100) DEFAULT NULL,
  `provider` varchar(255) DEFAULT NULL,
  `redirect` text NOT NULL,
  `personal_access_client` tinyint(1) NOT NULL,
  `password_client` tinyint(1) NOT NULL,
  `revoked` tinyint(1) NOT NULL,
  `created_at` timestamp NULL DEFAULT NULL,
  `updated_at` timestamp NULL DEFAULT NULL
) ENGINE=InnoDB DEFAULT CHARSET=utf8mb4 COLLATE=utf8mb4_unicode_ci;

--
-- Dumping data for table `oauth_clients`
--

INSERT INTO `oauth_clients` (`id`, `user_id`, `name`, `secret`, `provider`, `redirect`, `personal_access_client`, `password_client`, `revoked`, `created_at`, `updated_at`) VALUES
(1, NULL, 'dashboard Personal Access Client', '3j2CZkKZy00FZbLLSECRKmtwFFtQZ88aCOGR44TL', NULL, 'http://localhost', 1, 0, 0, '2023-02-03 21:03:07', '2023-02-03 21:03:07'),
(2, NULL, 'dashboard Password Grant Client', 'YYstBIiL6OLdfkLus22jo9jujBhqVCgNoP8oaeWA', 'users', 'http://localhost', 0, 1, 0, '2023-02-03 21:03:07', '2023-02-03 21:03:07');

-- --------------------------------------------------------

--
-- Table structure for table `oauth_personal_access_clients`
--

CREATE TABLE `oauth_personal_access_clients` (
  `id` bigint(20) UNSIGNED NOT NULL,
  `client_id` bigint(20) UNSIGNED NOT NULL,
  `created_at` timestamp NULL DEFAULT NULL,
  `updated_at` timestamp NULL DEFAULT NULL
) ENGINE=InnoDB DEFAULT CHARSET=utf8mb4 COLLATE=utf8mb4_unicode_ci;

--
-- Dumping data for table `oauth_personal_access_clients`
--

INSERT INTO `oauth_personal_access_clients` (`id`, `client_id`, `created_at`, `updated_at`) VALUES
(1, 1, '2023-02-03 21:03:07', '2023-02-03 21:03:07');

-- --------------------------------------------------------

--
-- Table structure for table `oauth_refresh_tokens`
--

CREATE TABLE `oauth_refresh_tokens` (
  `id` varchar(100) NOT NULL,
  `access_token_id` varchar(100) NOT NULL,
  `revoked` tinyint(1) NOT NULL,
  `expires_at` datetime DEFAULT NULL
) ENGINE=InnoDB DEFAULT CHARSET=utf8mb4 COLLATE=utf8mb4_unicode_ci;

-- --------------------------------------------------------

--
-- Table structure for table `password_resets`
--

CREATE TABLE `password_resets` (
  `email` varchar(255) NOT NULL,
  `token` varchar(255) NOT NULL,
  `created_at` timestamp NULL DEFAULT NULL
) ENGINE=InnoDB DEFAULT CHARSET=utf8mb4 COLLATE=utf8mb4_unicode_ci;

-- --------------------------------------------------------

--
-- Table structure for table `permissions`
--

CREATE TABLE `permissions` (
  `id` bigint(20) UNSIGNED NOT NULL,
  `name` varchar(255) NOT NULL,
  `guard_name` varchar(255) NOT NULL,
  `routes` varchar(255) DEFAULT NULL,
  `group` varchar(255) DEFAULT NULL,
  `created_at` timestamp NULL DEFAULT NULL,
  `updated_at` timestamp NULL DEFAULT NULL
) ENGINE=MyISAM DEFAULT CHARSET=utf8mb4 COLLATE=utf8mb4_unicode_ci;

--
-- Dumping data for table `permissions`
--

INSERT INTO `permissions` (`id`, `name`, `guard_name`, `routes`, `group`, `created_at`, `updated_at`) VALUES
(1, 'عرض المستخدمين', 'admin', 'users.index', 'المستخدمين', NULL, NULL),
(2, 'اضافة مستخدم', 'admin', 'users.create,users.store', 'المستخدمين', NULL, NULL),
(3, 'تعديل مستخدم', 'admin', 'users.edit,users.update', 'المستخدمين', NULL, NULL),
(4, 'حذف مستخدم', 'admin', 'users.destroy', 'المستخدمين', NULL, NULL),
(5, 'عرض العملاء', 'admin', 'clients.index', 'العملاء', NULL, NULL),
(6, 'اضافة عميل', 'admin', 'clients.create,clients.store', 'العملاء', NULL, NULL),
(7, 'تعديل عميل', 'admin', 'clients.edit,clients.update', 'العملاء', NULL, NULL),
(8, 'حذف عميل', 'admin', 'clients.destroy', 'العملاء', NULL, NULL),
(9, 'عرض اﻹستشارات', 'admin', 'consults.index', 'اﻹستشارات', NULL, NULL),
(10, 'تعديل إستشارة', 'admin', 'consults.edit,consults.update', 'اﻹستشارات', NULL, NULL),
(11, 'حذف إستشارة', 'admin', 'consults.destroy', 'اﻹستشارات', NULL, NULL),
(12, 'عرض المحامين', 'admin', 'laywers.index', 'المحامين', NULL, NULL),
(13, 'اضافة محامي', 'admin', 'laywers.create,laywers.store', 'المحامين', NULL, NULL),
(14, 'تعديل محامي', 'admin', 'laywers.edit,laywers.update', 'المحامين', NULL, NULL),
(15, 'حذف محامي', 'admin', 'laywers.destroy', 'المحامين', NULL, NULL),
(16, 'عرض الرتب', 'admin', 'roles.index', 'الرتب', NULL, NULL),
(17, 'اضافة رتبة', 'admin', 'roles.create,roles.store', 'الرتب', NULL, NULL),
(18, 'تعديل رتبة', 'admin', 'roles.edit,roles.update', 'الرتب', NULL, NULL),
(19, 'حذف رتبة', 'admin', 'roles.destroy', 'الرتب', NULL, NULL),
(20, 'عرض اﻹعدادات', 'admin', 'setting.index', 'اﻹعدادات', NULL, NULL),
(21, 'تعديل اﻹعدادات', 'admin', 'setting.edit,setting.update', 'اﻹعدادات', NULL, NULL),
(22, 'عرض السجلات', 'admin', 'log.index', 'السجلات', NULL, NULL),
(23, 'عرض رسائل التواصل', 'admin', 'contacts.index', 'رسائل التواصل', NULL, NULL),
(24, 'عرض طلبات الإنضمام', 'admin', 'join-requests.index', 'طلبات الإنضمام', NULL, NULL),
(25, 'حذف طلب إنضمام', 'admin', 'join-requests.destroy', 'طلبات الإنضمام', NULL, NULL),
(26, 'عرض المقالات', 'admin', 'articles.index', 'المقالات', NULL, NULL),
(27, 'اضافة مقالة', 'admin', 'articles.create,articles.store', 'المقالات', NULL, NULL),
(28, 'تعديل مقالة', 'admin', 'articles.edit,articles.update', 'المقالات', NULL, NULL),
(29, 'حذف مقالة', 'admin', 'articles.destroy', 'المقالات', NULL, NULL);

-- --------------------------------------------------------

--
-- Table structure for table `policies`
--

CREATE TABLE `policies` (
  `id` bigint(20) UNSIGNED NOT NULL,
  `title` varchar(255) NOT NULL,
  `content` varchar(255) NOT NULL,
  `created_at` timestamp NULL DEFAULT NULL,
  `updated_at` timestamp NULL DEFAULT NULL
) ENGINE=InnoDB DEFAULT CHARSET=utf8mb4 COLLATE=utf8mb4_unicode_ci;

--
-- Dumping data for table `policies`
--

INSERT INTO `policies` (`id`, `title`, `content`, `created_at`, `updated_at`) VALUES
(1, 'شروط التطبيق ', 'Lorem ipsum, or lipsum as it is sometimes known, is dummy text used in laying out print, graphic or web designs. The passage is attributed to an unknown typesetter in the 15th century who is thought to have scrambled parts of Cicero\'s De Finibus Bonorum e', NULL, NULL),
(2, 'شروط الفواتير', 'Lorem ipsum, or lipsum as it is sometimes known, is dummy text used in laying out print, graphic or web designs. The passage is attributed to an unknown typesetter in the 15th century who is thought to have scrambled parts of Cicero\'s De Finibus Bonorum e', NULL, NULL);

-- --------------------------------------------------------

--
-- Table structure for table `products`
--

CREATE TABLE `products` (
  `id` bigint(20) UNSIGNED NOT NULL,
  `category_id` bigint(20) UNSIGNED NOT NULL,
  `created_at` timestamp NULL DEFAULT NULL,
  `updated_at` timestamp NULL DEFAULT NULL,
  `title` text NOT NULL,
  `optional_price` int(11) DEFAULT NULL,
  `price` int(11) NOT NULL,
  `image` varchar(255) DEFAULT NULL,
  `is_tax` tinyint(1) NOT NULL DEFAULT 0,
  `deleted_at` int(11) DEFAULT NULL
) ENGINE=InnoDB DEFAULT CHARSET=utf8mb4 COLLATE=utf8mb4_unicode_ci;

--
-- Dumping data for table `products`
--

INSERT INTO `products` (`id`, `category_id`, `created_at`, `updated_at`, `title`, `optional_price`, `price`, `image`, `is_tax`, `deleted_at`) VALUES
(1, 2, '2023-02-06 23:26:17', '2023-03-06 00:08:08', 'suger', 0, 100, '', 1, NULL),
(2, 2, '2023-02-06 23:31:45', '2023-03-06 00:08:08', 'suger', 0, 100, '/uploads/thumbnails/products/2023-02-071675722705.IMG_0012.PNG', 0, NULL),
(3, 2, '2023-02-06 23:33:43', '2023-03-06 00:08:08', 'suger', 0, 20, '/uploads/thumbnails/products/2023-02-071675722823.IMG_0012.PNG', 0, NULL),
(4, 2, '2023-02-06 23:35:05', '2023-03-06 00:08:08', 'suger', 0, 20, '/uploads/thumbnails/products/2023-02-071675722905/IMG_0012.PNG', 0, NULL),
(5, 2, '2023-02-06 23:36:01', '2023-03-06 00:08:08', 'suger', 0, 20, '/uploads/thumbnails/products/product5IMG_0012.PNG', 0, NULL),
(6, 2, '2023-02-06 23:36:49', '2023-03-06 00:08:08', 'suger', 0, 20, '/uploads/thumbnails/products/product6IMG_0012.PNG', 0, NULL),
(7, 2, '2023-02-06 23:37:50', '2023-03-06 00:08:08', 'suger', 0, 20, '/uploads/thumbnails/products/product7IMG_0012.PNG', 0, NULL),
(8, 2, '2023-02-06 23:38:11', '2023-03-06 00:08:08', 'suger', 0, 20, '/uploads/thumbnails/products/product8IMG_0012.PNG', 0, NULL),
(9, 2, '2023-02-06 23:38:50', '2023-03-06 00:08:08', 'suger', 0, 20, '/uploads/thumbnails/products/product9IMG_0012.PNG', 0, NULL),
(10, 2, '2023-02-06 23:39:45', '2023-03-06 00:08:08', 'suger', 0, 20, 'C:\\xampp\\tmp\\phpB561.tmp', 0, NULL),
(11, 2, '2023-02-06 23:40:01', '2023-03-06 00:08:08', 'suger', 0, 20, '/uploads/thumbnails/products/product11IMG_0012.PNG', 0, NULL),
(12, 2, '2023-02-06 23:43:05', '2023-03-06 00:08:08', 'suger', 0, 20, 'C:\\xampp\\tmp\\phpC1C8.tmp', 0, NULL),
(13, 2, '2023-02-06 23:43:21', '2023-03-06 00:08:08', 'suger', 0, 20, '/uploads/thumbnails/products/product13IMG_0012.PNG', 0, NULL),
(14, 2, '2023-02-06 23:45:06', '2023-03-06 00:08:08', 'suger', 0, 20, '/uploads/thumbnails/products/product14IMG_0012.PNG', 0, NULL),
(15, 2, '2023-02-06 23:46:23', '2023-03-06 00:08:08', 'suger', 0, 20, '/uploads/thumbnails/products/product15IMG_0012.PNG', 0, NULL),
(16, 2, '2023-02-06 23:46:53', '2023-03-06 00:08:08', 'suger', 0, 20, 'C:\\xampp\\tmp\\php3DC4.tmp', 0, NULL),
(17, 2, '2023-02-06 23:47:11', '2023-03-06 00:08:08', 'suger', 0, 20, 'C:\\xampp\\tmp\\php81E2.tmp', 0, NULL),
(18, 2, '2023-02-06 23:47:30', '2023-03-06 00:08:08', 'suger', 0, 20, '/uploads/thumbnails/products/product18IMG_0012.PNG', 0, NULL),
(19, 2, '2023-02-06 23:49:19', '2023-03-06 00:08:08', 'suger', 0, 20, 'C:\\xampp\\tmp\\php770D.tmp', 0, NULL),
(20, 2, '2023-02-06 23:50:35', '2023-03-06 00:08:08', 'suger', 0, 20, 'C:\\xampp\\tmp\\php9DCB.tmp', 0, NULL),
(22, 2, '2023-02-08 11:19:09', '2023-03-06 00:08:08', 'egg', 0, 4, NULL, 0, NULL),
(23, 2, '2023-02-08 11:22:57', '2023-03-06 00:08:08', 'egg', 0, 4, NULL, 0, NULL),
(24, 2, '2023-02-08 13:56:27', '2023-03-06 00:08:08', 'milk', 0, 30, NULL, 0, NULL),
(25, 2, '2023-02-08 13:58:26', '2023-03-06 00:08:08', 'milk2', 0, 30, NULL, 0, NULL),
(26, 2, '2023-02-08 13:58:48', '2023-03-06 00:08:08', 'milk2', 0, 60, NULL, 0, NULL),
(27, 2, '2023-02-14 16:22:28', '2023-03-06 00:08:08', 'egg', 0, 4, NULL, 0, NULL),
(28, 2, '2023-02-14 17:20:35', '2023-03-06 00:08:08', 'egg', 0, 4, NULL, 0, NULL),
(29, 2, '2023-02-14 17:20:38', '2023-03-06 00:08:08', 'egg', 0, 4, NULL, 0, NULL),
(30, 2, '2023-02-14 17:20:42', '2023-03-06 00:08:08', 'egg', 0, 4, NULL, 0, NULL),
(31, 2, '2023-02-15 01:47:52', '2023-03-06 00:08:08', 'egg', 0, 4, NULL, 0, NULL),
(32, 2, '2023-02-15 14:30:26', '2023-03-06 00:08:08', 'egg', 3, 4, NULL, 0, NULL),
(33, 2, '2023-02-15 14:32:03', '2023-03-06 00:08:08', 'egg', 3, 4, NULL, 0, NULL),
(34, 2, '2023-02-15 14:33:23', '2023-03-06 00:08:08', 'egg', 3, 4, NULL, 1, NULL),
(35, 2, '2023-02-16 00:06:40', '2023-03-06 00:08:08', 'egg', 3, 4, NULL, 1, NULL),
(36, 2, '2023-02-16 00:06:42', '2023-03-06 00:08:08', 'egg', 3, 4, NULL, 1, NULL),
(37, 2, '2023-02-16 00:06:43', '2023-03-06 00:08:08', 'egg', 3, 4, NULL, 1, NULL),
(38, 2, '2023-02-16 00:06:45', '2023-03-06 00:08:08', 'egg', 3, 4, NULL, 1, NULL),
(39, 2, '2023-02-16 00:06:50', '2023-03-06 00:08:08', 'egg', 3, 4, NULL, 1, NULL),
(40, 2, '2023-02-16 00:06:51', '2023-03-06 00:08:08', 'egg', 3, 4, NULL, 1, NULL),
(41, 2, '2023-02-16 02:18:05', '2023-03-06 00:08:08', 'ssssss', 3, 4, NULL, 1, NULL),
(42, 2, '2023-02-16 02:18:07', '2023-03-06 00:08:08', 'ssssss', 3, 4, NULL, 1, NULL),
(43, 2, '2023-02-16 02:18:12', '2023-03-06 00:08:08', 'ssssss', 3, 4, NULL, 1, NULL),
(44, 2, '2023-02-16 02:18:15', '2023-03-06 00:08:08', 'ssssss', 3, 4, NULL, 1, NULL),
(45, 2, '2023-02-16 06:03:31', '2023-03-06 00:08:08', 'Luffy', 3, 4, NULL, 1, NULL),
(46, 2, '2023-02-16 06:03:33', '2023-03-06 00:08:08', 'Luffy', 3, 4, NULL, 1, NULL),
(47, 2, '2023-02-16 06:03:57', '2023-03-06 00:08:08', 'Luffy', 3, 4, NULL, 1, NULL),
(48, 2, '2023-02-16 06:03:59', '2023-03-06 00:08:08', 'Luffy', 3, 4, NULL, 1, NULL),
(49, 2, '2023-02-16 06:04:01', '2023-03-06 00:08:08', 'Luffy', 3, 4, NULL, 1, NULL),
(50, 2, '2023-02-16 06:04:03', '2023-03-06 00:08:08', 'Luffy', 3, 4, NULL, 1, NULL),
(51, 2, '2023-02-16 06:04:05', '2023-03-06 00:08:08', 'Luffy', 3, 4, NULL, 1, NULL),
(52, 2, '2023-02-16 06:04:07', '2023-03-06 00:08:08', 'Luffy', 3, 4, NULL, 1, NULL),
(53, 2, '2023-02-16 06:04:08', '2023-03-06 00:08:08', 'Luffy', 3, 4, NULL, 1, NULL),
(54, 2, '2023-02-16 06:04:09', '2023-03-06 00:08:08', 'Luffy', 3, 4, NULL, 1, NULL),
(55, 2, '2023-02-16 06:04:12', '2023-03-06 00:08:08', 'Luffy', 3, 4, NULL, 1, NULL),
(56, 2, '2023-02-16 06:04:13', '2023-03-06 00:08:08', 'Luffy', 3, 4, NULL, 1, NULL),
(57, 2, '2023-02-16 06:04:15', '2023-03-06 00:08:08', 'Luffy', 3, 4, NULL, 1, NULL),
(58, 2, '2023-02-16 06:04:17', '2023-03-06 00:08:08', 'Luffy', 3, 4, NULL, 1, NULL),
(59, 2, '2023-02-16 06:04:19', '2023-03-06 00:08:08', 'Luffy', 3, 4, NULL, 1, NULL),
(60, 2, '2023-02-16 19:18:14', '2023-03-06 00:08:08', 'dfsesfefew', 333, 23, NULL, 0, NULL),
(61, 2, '2023-02-17 02:45:57', '2023-03-06 00:08:08', 'www', 22, 222, NULL, 1, NULL),
(62, 2, '2023-02-20 22:42:49', '2023-03-06 00:08:08', 'eee', 22, 233, NULL, 0, NULL),
(63, 2, '2023-02-20 22:59:52', '2023-03-06 00:08:08', 'sdddd', 222, 333, NULL, 1, NULL),
(64, 2, '2023-02-21 01:02:59', '2023-03-06 00:08:08', 'fff', 22, 22, NULL, 1, NULL),
(65, 2, '2023-02-21 22:33:19', '2023-03-06 00:08:08', 'qwqw', 2222, 222, NULL, 0, NULL),
(66, 2, '2023-02-21 23:44:42', '2023-03-06 00:08:08', 'www', 200, 200, NULL, 1, NULL),
(67, 2, '2023-02-22 21:25:40', '2023-03-06 00:08:08', 'www', 222, 222, NULL, 1, NULL),
(68, 2, '2023-02-23 01:48:44', '2023-03-06 00:08:08', 'sss', 22, 1000, NULL, 1, NULL),
(69, 2, '2023-02-25 06:08:10', '2023-03-06 00:08:08', 'cccc', 23, 778, NULL, 1, NULL),
(70, 2, '2023-03-03 21:01:23', '2023-03-06 00:08:08', 'eee', 2222, 2222, NULL, 1, NULL),
(71, 2, '2023-03-03 21:40:54', '2023-03-06 00:08:08', 'www`', 1111, 111, NULL, 1, NULL),
(72, 2, '2023-03-04 17:10:49', '2023-03-06 00:08:08', 'today', 5526, 5585, NULL, 1, NULL),
(73, 2, '2023-03-04 17:11:22', '2023-03-06 00:08:08', 'ghhhh', 777, 7777, NULL, 1, NULL),
(74, 2, '2023-03-04 22:54:45', '2023-03-06 00:08:08', 'ddd', 22, 222, NULL, 1, NULL),
(75, 2, '2023-03-04 22:56:05', '2023-03-06 00:08:08', 'sdfsf', 23323, 23232, NULL, 1, NULL),
(76, 171, '2023-03-06 00:37:50', '2023-03-06 00:38:17', 'شسشسش', NULL, 30, NULL, 0, 2023),
(77, 172, '2023-03-06 17:18:15', '2023-03-06 17:18:50', 'egg', 22, 4, NULL, 1, 2023),
(78, 173, '2023-03-06 18:36:40', '2023-03-06 18:36:40', 'sfsd', 2222, 2222, NULL, 1, NULL),
(79, 174, '2023-03-06 20:05:01', '2023-03-06 21:18:11', 'tt', 88, 88, NULL, 1, 2023),
(80, 175, '2023-03-06 21:19:59', '2023-03-06 21:20:08', 'dwdwd', 111, 111, NULL, 1, 2023),
(81, 177, '2023-03-06 23:31:54', '2023-04-03 22:50:37', 'dish', 32455, 55552, NULL, 1, 2023),
(82, 177, '2023-03-07 17:44:14', '2023-04-03 22:50:37', 'ss', 111, 111, NULL, 1, 2023),
(83, 178, '2023-03-07 22:17:06', '2023-04-03 22:50:37', 'aaa', 0, 111, NULL, 1, 2023),
(84, 177, '2023-03-09 00:16:36', '2023-04-03 22:50:37', 'cc', 22, 222, NULL, 1, 2023),
(85, 177, '2023-03-09 00:35:23', '2023-04-03 22:50:37', 'hjhj', 99, 99, NULL, 1, 2023),
(86, 177, '2023-03-09 00:35:55', '2023-04-03 22:50:37', 'qq', 111, 111, NULL, 1, 2023),
(87, 184, '2023-03-12 12:50:02', '2023-04-03 22:50:37', 'صابون', 80, 100, NULL, 1, 2023),
(88, 186, '2023-03-21 14:44:37', '2023-03-21 14:44:37', 'Iphone 14', 100, 90, NULL, 0, NULL),
(89, 178, '2023-03-21 15:45:18', '2023-04-03 22:50:37', 'dddd', 2222, 222, NULL, 1, 2023),
(90, 179, '2023-03-21 15:49:20', '2023-04-03 22:50:37', 'ddd', 111, 1111, NULL, 1, 2023),
(91, 178, '2023-03-21 15:51:15', '2023-04-03 22:50:37', 'kk', 99, 999, NULL, 1, 2023),
(92, 178, '2023-03-21 15:51:59', '2023-04-03 22:50:37', 'ss', 22, 222, NULL, 1, 2023),
(93, 184, '2023-03-24 23:17:37', '2023-04-03 22:50:37', 'new', 10, 5, NULL, 1, 2023),
(94, 189, '2023-03-27 05:40:18', '2023-03-27 06:22:42', 'ss', 100, 100, NULL, 1, 2023),
(95, 190, '2023-03-28 21:44:31', '2023-03-28 21:44:31', 'ddd', 100, 100, NULL, 1, NULL),
(96, 191, '2023-03-29 00:27:05', '2023-04-03 22:52:22', 'ماء', 1, 1, NULL, 1, 2023),
(97, 191, '2023-03-29 00:34:02', '2023-04-03 22:52:22', 'ببسي', 1, 1, NULL, 0, 2023),
(98, 191, '2023-03-29 01:13:05', '2023-04-03 22:52:22', 'ع', 5, 9, NULL, 1, 2023),
(99, 191, '2023-03-29 01:13:43', '2023-04-03 22:52:22', 'عع', 8, 8, NULL, 0, 2023),
(100, 192, '2023-04-03 22:53:43', '2023-04-11 03:26:44', 'كمبيوتر', 200, 500, NULL, 1, 2023),
(101, 193, '2023-04-08 00:28:04', '2023-04-11 03:26:44', 'jhj', 1000, 1000, NULL, 1, 2023),
(102, 196, '2023-04-11 21:13:57', '2023-04-11 21:13:57', 'jj', 88, 900, NULL, 1, NULL);

-- --------------------------------------------------------

--
-- Table structure for table `quick_bills`
--

CREATE TABLE `quick_bills` (
  `id` bigint(20) UNSIGNED NOT NULL,
  `company_id` bigint(20) UNSIGNED NOT NULL,
  `name` varchar(255) NOT NULL,
  `price` int(11) NOT NULL,
  `tax` int(11) NOT NULL,
  `final_price` int(11) NOT NULL,
  `created_at` timestamp NULL DEFAULT NULL,
  `updated_at` timestamp NULL DEFAULT NULL
) ENGINE=InnoDB DEFAULT CHARSET=utf8mb4 COLLATE=utf8mb4_unicode_ci;

--
-- Dumping data for table `quick_bills`
--

INSERT INTO `quick_bills` (`id`, `company_id`, `name`, `price`, `tax`, `final_price`, `created_at`, `updated_at`) VALUES
(1, 2, 'suger', 100, 0, 100, '2023-03-08 18:52:05', '2023-03-08 18:52:05'),
(2, 58, 'suger', 100, 111, 211, '2023-03-08 21:18:49', '2023-03-08 21:18:49'),
(3, 58, 'suger', 500, 555, 1055, '2023-03-08 22:02:04', '2023-03-08 22:02:04'),
(4, 58, 'gggg', 500, 555, 1055, '2023-03-08 22:13:06', '2023-03-08 22:13:06'),
(5, 58, 'hjj', 77, 85, 162, '2023-03-08 22:13:43', '2023-03-08 22:13:43'),
(6, 58, 'hjj', 77, 85, 162, '2023-03-08 22:13:45', '2023-03-08 22:13:45'),
(7, 58, 'suger', 77, 85, 162, '2023-03-08 22:14:14', '2023-03-08 22:14:14'),
(8, 58, 'suger', 7798, 8656, 16454, '2023-03-08 22:14:23', '2023-03-08 22:14:23'),
(9, 58, 'suger', 100, 111, 211, '2023-03-08 22:14:33', '2023-03-08 22:14:33'),
(10, 58, 'www', 200, 222, 422, '2023-03-08 22:16:16', '2023-03-08 22:16:16'),
(11, 58, 'qwwqw', 222, 246, 468, '2023-03-08 22:16:55', '2023-03-08 22:16:55'),
(12, 58, 'qwwqw', 222, 246, 468, '2023-03-08 22:17:17', '2023-03-08 22:17:17'),
(13, 58, 'qwwqw', 222, 246, 468, '2023-03-08 22:17:31', '2023-03-08 22:17:31'),
(14, 58, 'qwwqw', 222, 246, 468, '2023-03-08 22:17:38', '2023-03-08 22:17:38'),
(15, 58, 'qwwqw', 222, 246, 468, '2023-03-08 22:17:59', '2023-03-08 22:17:59'),
(16, 58, 'qwwqw', 222, 246, 468, '2023-03-08 22:22:31', '2023-03-08 22:22:31'),
(17, 58, 'qwwqw', 222, 246, 468, '2023-03-08 22:22:53', '2023-03-08 22:22:53'),
(18, 58, 'suger', 222, 246, 468, '2023-03-08 22:23:35', '2023-03-08 22:23:35'),
(19, 58, 'suger', 455, 505, 960, '2023-03-08 22:23:46', '2023-03-08 22:23:46'),
(20, 58, 'suger', 455, 505, 960, '2023-03-08 22:24:03', '2023-03-08 22:24:03'),
(21, 58, 'suger', 500, 555, 1055, '2023-03-08 22:25:04', '2023-03-08 22:25:04'),
(22, 58, 'xxxx', 300, 333, 633, '2023-03-08 22:25:36', '2023-03-08 22:25:36'),
(23, 58, 'sdfsf', 6777, 7522, 14299, '2023-03-08 22:25:52', '2023-03-08 22:25:52'),
(24, 58, 'hhhh', 6777, 7522, 14299, '2023-03-08 22:26:03', '2023-03-08 22:26:03'),
(25, 58, 'suger', 6777, 7522, 14299, '2023-03-08 22:26:14', '2023-03-08 22:26:14'),
(26, 58, 'suger', 500, 555, 1055, '2023-03-08 22:26:20', '2023-03-08 22:26:20'),
(27, 58, 'sdfsfd', 5555555, 6166666, 11722221, '2023-03-08 22:26:45', '2023-03-08 22:26:45'),
(28, 58, 'sdfsfd', 330, 366, 696, '2023-03-08 22:26:56', '2023-03-08 22:26:56'),
(29, 58, 'sdfsfd', 30, 33, 63, '2023-03-08 22:27:03', '2023-03-08 22:27:03'),
(30, 58, 'jjj', 30, 33, 63, '2023-03-08 22:27:13', '2023-03-08 22:27:13'),
(31, 58, 'jjj', 30, 33, 63, '2023-03-08 22:27:23', '2023-03-08 22:27:23'),
(32, 58, 'jjj', 30, 33, 63, '2023-03-08 22:28:12', '2023-03-08 22:28:12'),
(33, 58, 'ksjdskdj', 55666777, 61790122, 117456899, '2023-03-08 22:28:23', '2023-03-08 22:28:23'),
(34, 58, 'ekekek', 222, 246, 468, '2023-03-08 22:28:52', '2023-03-08 22:28:52'),
(35, 58, 'skkd', 200, 222, 423, '2023-03-12 05:44:33', '2023-03-12 05:44:33'),
(36, 58, 'ببسي', 50, 56, 106, '2023-03-12 12:25:11', '2023-03-12 12:25:11'),
(37, 58, 'عت', 8, 9, 17, '2023-03-12 12:29:26', '2023-03-12 12:29:26'),
(38, 58, 'خبز', 30, 33, 63, '2023-03-15 22:33:47', '2023-03-15 22:33:47'),
(39, 61, 'شيبس', 100, 16, 116, '2023-03-21 14:45:51', '2023-03-21 14:45:51'),
(40, 58, '123', 150, 167, 317, '2023-03-24 04:29:12', '2023-03-24 04:29:12'),
(41, 58, '123', 200, 222, 422, '2023-03-24 04:31:14', '2023-03-24 04:31:14'),
(42, 58, '333', 150, 167, 317, '2023-03-24 04:33:02', '2023-03-24 04:33:02'),
(43, 58, 'زب', 50, 56, 106, '2023-03-25 02:14:37', '2023-03-25 02:14:37'),
(44, 58, 'suger', 200, 222, 422, '2023-03-26 04:32:05', '2023-03-26 04:32:05'),
(45, 58, 'shxxu', 200, 222, 422, '2023-03-26 04:32:30', '2023-03-26 04:32:30'),
(46, 65, 'suger', 1000, 2220, 3220, '2023-03-28 21:49:53', '2023-03-28 21:49:53'),
(47, 67, 'مياه معدنية', 50, 8, 58, '2023-03-29 00:27:22', '2023-03-29 00:27:22'),
(48, 67, 'ببسي', 100, 15, 115, '2023-03-29 00:32:06', '2023-03-29 00:32:06'),
(49, 67, 'شبس', 50, 8, 58, '2023-03-29 01:11:54', '2023-03-29 01:11:54'),
(50, 67, 'عكعك', 50, 8, 58, '2023-04-02 23:19:27', '2023-04-02 23:19:27'),
(51, 68, 'سجاد', 50, 8, 58, '2023-04-03 22:55:00', '2023-04-03 22:55:00'),
(52, 68, 'thu', 50, 8, 58, '2023-04-07 21:58:49', '2023-04-07 21:58:49'),
(53, 68, 'fg', 50, 8, 58, '2023-04-07 21:59:36', '2023-04-07 21:59:36'),
(54, 68, '50', 50, 8, 58, '2023-04-07 22:00:39', '2023-04-07 22:00:39'),
(55, 68, 'dddd', 200, 30, 230, '2023-04-08 00:37:42', '2023-04-08 00:37:42'),
(56, 68, 'test', 50, 8, 58, '2023-04-08 18:48:16', '2023-04-08 18:48:16'),
(57, 68, 'tres', 50, 8, 58, '2023-04-08 18:49:39', '2023-04-08 18:49:39'),
(58, 68, 'suger', 50, 8, 58, '2023-04-10 01:34:32', '2023-04-10 01:34:32'),
(59, 68, 'suger', 100, 15, 115, '2023-04-10 01:39:57', '2023-04-10 01:39:57'),
(60, 68, 'xxxx', 333, 50, 383, '2023-04-10 01:41:26', '2023-04-10 01:41:26'),
(61, 68, 'sdds', 222, 33, 255, '2023-04-10 01:42:18', '2023-04-10 01:42:18'),
(62, 68, 'dcsc', 222, 33, 255, '2023-04-10 01:44:47', '2023-04-10 01:44:47'),
(63, 68, 'dddd', 222, 33, 255, '2023-04-10 01:45:24', '2023-04-10 01:45:24'),
(64, 68, 'cxcv', 333, 50, 383, '2023-04-10 02:00:24', '2023-04-10 02:00:24'),
(65, 68, 'sss', 222, 33, 255, '2023-04-10 02:01:29', '2023-04-10 02:01:29'),
(66, 75, 'vggg', 555, 67, 622, '2023-04-11 21:53:47', '2023-04-11 21:53:47'),
(67, 75, 'حبوب', 50, 6, 56, '2023-04-11 23:02:05', '2023-04-11 23:02:05'),
(68, 75, 'قمح', 50, 6, 56, '2023-04-11 23:03:15', '2023-04-11 23:03:15'),
(69, 75, 'sdds', 333, 40, 373, '2023-04-12 01:05:15', '2023-04-12 01:05:15'),
(70, 75, 'xxxx', 222, 27, 249, '2023-04-12 01:09:33', '2023-04-12 01:09:33'),
(71, 75, 'dsdss', 2222, 267, 2489, '2023-04-12 01:36:14', '2023-04-12 01:36:14'),
(72, 75, 'dddd', 333, 40, 373, '2023-04-12 01:37:46', '2023-04-12 01:37:46'),
(73, 75, 'تت', 99, 12, 111, '2023-04-17 16:24:46', '2023-04-17 16:24:46'),
(74, 75, 'سةسة', 46464, 5576, 52040, '2023-04-17 16:26:29', '2023-04-17 16:26:29'),
(75, 75, 'bbb', 6999, 840, 7839, '2023-04-17 16:30:49', '2023-04-17 16:30:49'),
(76, 75, 'cc', 9, 1, 10, '2023-04-18 05:06:40', '2023-04-18 05:06:40'),
(77, 75, 'التات', 9988, 1199, 11187, '2023-04-18 06:03:43', '2023-04-18 06:03:43'),
(78, 75, 'غغغ', 59, 7, 66, '2023-04-18 06:10:34', '2023-04-18 06:10:34'),
(79, 75, 'غا', 88, 11, 99, '2023-04-18 06:27:49', '2023-04-18 06:27:49'),
(80, 75, 'اا', 88, 11, 99, '2023-04-18 06:28:03', '2023-04-18 06:28:03'),
(81, 75, 'للل', 998, 120, 1118, '2023-04-18 07:06:16', '2023-04-18 07:06:16'),
(82, 75, 'ةال', 888, 107, 995, '2023-04-18 07:17:24', '2023-04-18 07:17:24'),
(83, 75, 'اثاث', 65, 8, 73, '2023-04-19 19:25:22', '2023-04-19 19:25:22');

-- --------------------------------------------------------

--
-- Table structure for table `roles`
--

CREATE TABLE `roles` (
  `id` bigint(20) UNSIGNED NOT NULL,
  `name` varchar(255) NOT NULL,
  `guard_name` varchar(255) NOT NULL,
  `description` longtext DEFAULT NULL,
  `created_at` timestamp NULL DEFAULT NULL,
  `updated_at` timestamp NULL DEFAULT NULL
) ENGINE=InnoDB DEFAULT CHARSET=utf8mb4 COLLATE=utf8mb4_unicode_ci;

--
-- Dumping data for table `roles`
--

INSERT INTO `roles` (`id`, `name`, `guard_name`, `description`, `created_at`, `updated_at`) VALUES
(1, 'super admin', 'admin', 'أعلى صلاحية بالنظام', '2023-02-03 18:57:16', '2023-02-03 18:57:16');

-- --------------------------------------------------------

--
-- Table structure for table `role_has_permissions`
--

CREATE TABLE `role_has_permissions` (
  `permission_id` bigint(20) NOT NULL,
  `role_id` bigint(20) NOT NULL
) ENGINE=InnoDB DEFAULT CHARSET=utf8mb4 COLLATE=utf8mb4_unicode_ci;

--
-- Dumping data for table `role_has_permissions`
--

INSERT INTO `role_has_permissions` (`permission_id`, `role_id`) VALUES
(1, 1),
(2, 1),
(3, 1),
(4, 1),
(5, 1),
(6, 1),
(7, 1),
(8, 1),
(9, 1),
(10, 1),
(11, 1),
(12, 1),
(13, 1),
(14, 1),
(15, 1),
(16, 1),
(17, 1),
(18, 1),
(19, 1),
(20, 1),
(21, 1),
(22, 1),
(23, 1),
(24, 1),
(25, 1),
(26, 1),
(27, 1),
(28, 1),
(29, 1);

-- --------------------------------------------------------

--
-- Table structure for table `services`
--

CREATE TABLE `services` (
  `id` bigint(20) UNSIGNED NOT NULL,
  `created_at` timestamp NULL DEFAULT NULL,
  `updated_at` timestamp NULL DEFAULT NULL,
  `title` text NOT NULL,
  `content` text NOT NULL
) ENGINE=InnoDB DEFAULT CHARSET=utf8mb4 COLLATE=utf8mb4_unicode_ci;

-- --------------------------------------------------------

--
-- Table structure for table `settings`
--

CREATE TABLE `settings` (
  `id` int(10) UNSIGNED NOT NULL,
  `site_name` text NOT NULL,
  `about_us` text NOT NULL,
  `goal` text NOT NULL,
  `our_services_sub_title` text NOT NULL,
  `commercial_issues_sub_title` text NOT NULL,
  `our_team_sub_title` text NOT NULL,
  `our_clients_sub_title` text NOT NULL,
  `faq_sub_title` text NOT NULL,
  `blog_sub_title` text NOT NULL,
  `expert_laywers` smallint(6) NOT NULL,
  `closed_cases` smallint(6) NOT NULL,
  `successful_casses` smallint(6) NOT NULL,
  `trusted_client` smallint(6) NOT NULL,
  `phone` text NOT NULL,
  `email` text NOT NULL,
  `twitter` text NOT NULL,
  `linkedin` text NOT NULL,
  `created_at` timestamp NULL DEFAULT NULL,
  `updated_at` timestamp NULL DEFAULT NULL
) ENGINE=InnoDB DEFAULT CHARSET=utf8mb4 COLLATE=utf8mb4_unicode_ci;

--
-- Dumping data for table `settings`
--

INSERT INTO `settings` (`id`, `site_name`, `about_us`, `goal`, `our_services_sub_title`, `commercial_issues_sub_title`, `our_team_sub_title`, `our_clients_sub_title`, `faq_sub_title`, `blog_sub_title`, `expert_laywers`, `closed_cases`, `successful_casses`, `trusted_client`, `phone`, `email`, `twitter`, `linkedin`, `created_at`, `updated_at`) VALUES
(1, '{\"ar\":\"more_first_graph ar\",\"en\":\"more_first_graph en\"}', '{\"ar\":\"more_first_graph ar\",\"en\":\"more_first_graph en\"}', '{\"ar\":\"more_first_graph ar\",\"en\":\"more_first_graph en\"}', '{\"ar\":\"more_first_graph ar\",\"en\":\"more_first_graph en\"}', '{\"ar\":\"more_first_graph ar\",\"en\":\"more_first_graph en\"}', '{\"ar\":\"more_first_graph ar\",\"en\":\"more_first_graph en\"}', '{\"ar\":\"more_first_graph ar\",\"en\":\"more_first_graph en\"}', '{\"ar\":\"more_first_graph ar\",\"en\":\"more_first_graph en\"}', '{\"ar\":\"more_first_graph ar\",\"en\":\"more_first_graph en\"}', 1, 2, 3, 4, '132', 'ads@das.com', 'as', 'ads', NULL, NULL);

-- --------------------------------------------------------

--
-- Table structure for table `subscribtions`
--

CREATE TABLE `subscribtions` (
  `id` bigint(20) UNSIGNED NOT NULL,
  `days` int(11) NOT NULL,
  `name` varchar(255) NOT NULL,
  `price` int(11) NOT NULL,
  `created_at` timestamp NULL DEFAULT NULL,
  `updated_at` timestamp NULL DEFAULT NULL
) ENGINE=InnoDB DEFAULT CHARSET=utf8mb4 COLLATE=utf8mb4_unicode_ci;

--
-- Dumping data for table `subscribtions`
--

INSERT INTO `subscribtions` (`id`, `days`, `name`, `price`, `created_at`, `updated_at`) VALUES
(2, 60, 'gold', 600, NULL, NULL),
(4, 90, 'silver', 100, '2023-03-05 21:25:55', '2023-03-05 21:25:55');

-- --------------------------------------------------------

--
-- Table structure for table `users`
--

CREATE TABLE `users` (
  `id` bigint(20) UNSIGNED NOT NULL,
  `name` varchar(255) NOT NULL,
  `email` varchar(255) NOT NULL,
  `email_verified_at` timestamp NULL DEFAULT NULL,
  `password` varchar(255) NOT NULL,
  `remember_token` varchar(100) DEFAULT NULL,
  `created_at` timestamp NULL DEFAULT NULL,
  `updated_at` timestamp NULL DEFAULT NULL
) ENGINE=InnoDB DEFAULT CHARSET=utf8mb4 COLLATE=utf8mb4_unicode_ci;

--
-- Dumping data for table `users`
--

INSERT INTO `users` (`id`, `name`, `email`, `email_verified_at`, `password`, `remember_token`, `created_at`, `updated_at`) VALUES
(1, 'admin', 'admin@admin.com', NULL, '$2y$10$FuhOE7Hjr0eW8TrJ.foxB.WBR9H.wOqqNbaEcyeFEkunJGVW6Zh0W', NULL, '2023-02-03 16:57:11', '2023-03-05 19:28:07');

--
-- Indexes for dumped tables
--

--
-- Indexes for table `abouts`
--
ALTER TABLE `abouts`
  ADD PRIMARY KEY (`id`);

--
-- Indexes for table `articles`
--
ALTER TABLE `articles`
  ADD PRIMARY KEY (`id`);

--
-- Indexes for table `attachments`
--
ALTER TABLE `attachments`
  ADD PRIMARY KEY (`id`);

--
-- Indexes for table `bills`
--
ALTER TABLE `bills`
  ADD PRIMARY KEY (`id`);

--
-- Indexes for table `bills_products`
--
ALTER TABLE `bills_products`
  ADD PRIMARY KEY (`id`);

--
-- Indexes for table `categories`
--
ALTER TABLE `categories`
  ADD PRIMARY KEY (`id`);

--
-- Indexes for table `clients`
--
ALTER TABLE `clients`
  ADD PRIMARY KEY (`id`);

--
-- Indexes for table `companies`
--
ALTER TABLE `companies`
  ADD PRIMARY KEY (`id`);

--
-- Indexes for table `consults`
--
ALTER TABLE `consults`
  ADD PRIMARY KEY (`id`);

--
-- Indexes for table `contacts`
--
ALTER TABLE `contacts`
  ADD PRIMARY KEY (`id`);

--
-- Indexes for table `failed_jobs`
--
ALTER TABLE `failed_jobs`
  ADD PRIMARY KEY (`id`);

--
-- Indexes for table `join_requests`
--
ALTER TABLE `join_requests`
  ADD PRIMARY KEY (`id`);

--
-- Indexes for table `laywers`
--
ALTER TABLE `laywers`
  ADD PRIMARY KEY (`id`);

--
-- Indexes for table `logs`
--
ALTER TABLE `logs`
  ADD PRIMARY KEY (`id`);

--
-- Indexes for table `migrations`
--
ALTER TABLE `migrations`
  ADD PRIMARY KEY (`id`);

--
-- Indexes for table `model_has_permissions`
--
ALTER TABLE `model_has_permissions`
  ADD PRIMARY KEY (`permission_id`,`model_id`,`model_type`);

--
-- Indexes for table `model_has_roles`
--
ALTER TABLE `model_has_roles`
  ADD PRIMARY KEY (`role_id`,`model_id`,`model_type`);

--
-- Indexes for table `oauth_access_tokens`
--
ALTER TABLE `oauth_access_tokens`
  ADD PRIMARY KEY (`id`),
  ADD KEY `oauth_access_tokens_user_id_index` (`user_id`);

--
-- Indexes for table `oauth_auth_codes`
--
ALTER TABLE `oauth_auth_codes`
  ADD PRIMARY KEY (`id`),
  ADD KEY `oauth_auth_codes_user_id_index` (`user_id`);

--
-- Indexes for table `oauth_clients`
--
ALTER TABLE `oauth_clients`
  ADD PRIMARY KEY (`id`),
  ADD KEY `oauth_clients_user_id_index` (`user_id`);

--
-- Indexes for table `oauth_personal_access_clients`
--
ALTER TABLE `oauth_personal_access_clients`
  ADD PRIMARY KEY (`id`);

--
-- Indexes for table `oauth_refresh_tokens`
--
ALTER TABLE `oauth_refresh_tokens`
  ADD PRIMARY KEY (`id`),
  ADD KEY `oauth_refresh_tokens_access_token_id_index` (`access_token_id`);

--
-- Indexes for table `password_resets`
--
ALTER TABLE `password_resets`
  ADD KEY `password_resets_email_index` (`email`);

--
-- Indexes for table `permissions`
--
ALTER TABLE `permissions`
  ADD PRIMARY KEY (`id`);

--
-- Indexes for table `policies`
--
ALTER TABLE `policies`
  ADD PRIMARY KEY (`id`);

--
-- Indexes for table `products`
--
ALTER TABLE `products`
  ADD PRIMARY KEY (`id`);

--
-- Indexes for table `quick_bills`
--
ALTER TABLE `quick_bills`
  ADD PRIMARY KEY (`id`);

--
-- Indexes for table `roles`
--
ALTER TABLE `roles`
  ADD PRIMARY KEY (`id`);

--
-- Indexes for table `role_has_permissions`
--
ALTER TABLE `role_has_permissions`
  ADD PRIMARY KEY (`permission_id`,`role_id`);

--
-- Indexes for table `services`
--
ALTER TABLE `services`
  ADD PRIMARY KEY (`id`);

--
-- Indexes for table `settings`
--
ALTER TABLE `settings`
  ADD PRIMARY KEY (`id`);

--
-- Indexes for table `subscribtions`
--
ALTER TABLE `subscribtions`
  ADD PRIMARY KEY (`id`);

--
-- Indexes for table `users`
--
ALTER TABLE `users`
  ADD PRIMARY KEY (`id`),
  ADD UNIQUE KEY `users_email_unique` (`email`);

--
-- AUTO_INCREMENT for dumped tables
--

--
-- AUTO_INCREMENT for table `abouts`
--
ALTER TABLE `abouts`
  MODIFY `id` bigint(20) UNSIGNED NOT NULL AUTO_INCREMENT, AUTO_INCREMENT=3;

--
-- AUTO_INCREMENT for table `articles`
--
ALTER TABLE `articles`
  MODIFY `id` bigint(20) UNSIGNED NOT NULL AUTO_INCREMENT;

--
-- AUTO_INCREMENT for table `attachments`
--
ALTER TABLE `attachments`
  MODIFY `id` int(10) UNSIGNED NOT NULL AUTO_INCREMENT, AUTO_INCREMENT=131;

--
-- AUTO_INCREMENT for table `bills`
--
ALTER TABLE `bills`
  MODIFY `id` bigint(20) UNSIGNED NOT NULL AUTO_INCREMENT, AUTO_INCREMENT=318;

--
-- AUTO_INCREMENT for table `bills_products`
--
ALTER TABLE `bills_products`
  MODIFY `id` bigint(20) UNSIGNED NOT NULL AUTO_INCREMENT, AUTO_INCREMENT=443;

--
-- AUTO_INCREMENT for table `categories`
--
ALTER TABLE `categories`
  MODIFY `id` bigint(20) UNSIGNED NOT NULL AUTO_INCREMENT, AUTO_INCREMENT=197;

--
-- AUTO_INCREMENT for table `clients`
--
ALTER TABLE `clients`
  MODIFY `id` bigint(20) UNSIGNED NOT NULL AUTO_INCREMENT, AUTO_INCREMENT=105;

--
-- AUTO_INCREMENT for table `companies`
--
ALTER TABLE `companies`
  MODIFY `id` bigint(20) UNSIGNED NOT NULL AUTO_INCREMENT, AUTO_INCREMENT=77;

--
-- AUTO_INCREMENT for table `consults`
--
ALTER TABLE `consults`
  MODIFY `id` bigint(20) UNSIGNED NOT NULL AUTO_INCREMENT;

--
-- AUTO_INCREMENT for table `contacts`
--
ALTER TABLE `contacts`
  MODIFY `id` bigint(20) UNSIGNED NOT NULL AUTO_INCREMENT, AUTO_INCREMENT=2;

--
-- AUTO_INCREMENT for table `failed_jobs`
--
ALTER TABLE `failed_jobs`
  MODIFY `id` bigint(20) UNSIGNED NOT NULL AUTO_INCREMENT;

--
-- AUTO_INCREMENT for table `join_requests`
--
ALTER TABLE `join_requests`
  MODIFY `id` bigint(20) UNSIGNED NOT NULL AUTO_INCREMENT;

--
-- AUTO_INCREMENT for table `laywers`
--
ALTER TABLE `laywers`
  MODIFY `id` bigint(20) UNSIGNED NOT NULL AUTO_INCREMENT;

--
-- AUTO_INCREMENT for table `logs`
--
ALTER TABLE `logs`
  MODIFY `id` bigint(20) UNSIGNED NOT NULL AUTO_INCREMENT, AUTO_INCREMENT=7;

--
-- AUTO_INCREMENT for table `migrations`
--
ALTER TABLE `migrations`
  MODIFY `id` int(10) UNSIGNED NOT NULL AUTO_INCREMENT, AUTO_INCREMENT=29;

--
-- AUTO_INCREMENT for table `oauth_clients`
--
ALTER TABLE `oauth_clients`
  MODIFY `id` bigint(20) UNSIGNED NOT NULL AUTO_INCREMENT, AUTO_INCREMENT=3;

--
-- AUTO_INCREMENT for table `oauth_personal_access_clients`
--
ALTER TABLE `oauth_personal_access_clients`
  MODIFY `id` bigint(20) UNSIGNED NOT NULL AUTO_INCREMENT, AUTO_INCREMENT=2;

--
-- AUTO_INCREMENT for table `policies`
--
ALTER TABLE `policies`
  MODIFY `id` bigint(20) UNSIGNED NOT NULL AUTO_INCREMENT, AUTO_INCREMENT=3;

--
-- AUTO_INCREMENT for table `products`
--
ALTER TABLE `products`
  MODIFY `id` bigint(20) UNSIGNED NOT NULL AUTO_INCREMENT, AUTO_INCREMENT=103;

--
-- AUTO_INCREMENT for table `quick_bills`
--
ALTER TABLE `quick_bills`
  MODIFY `id` bigint(20) UNSIGNED NOT NULL AUTO_INCREMENT, AUTO_INCREMENT=84;

--
-- AUTO_INCREMENT for table `roles`
--
ALTER TABLE `roles`
  MODIFY `id` bigint(20) UNSIGNED NOT NULL AUTO_INCREMENT, AUTO_INCREMENT=2;

--
-- AUTO_INCREMENT for table `services`
--
ALTER TABLE `services`
  MODIFY `id` bigint(20) UNSIGNED NOT NULL AUTO_INCREMENT;

--
-- AUTO_INCREMENT for table `settings`
--
ALTER TABLE `settings`
  MODIFY `id` int(10) UNSIGNED NOT NULL AUTO_INCREMENT, AUTO_INCREMENT=2;

--
-- AUTO_INCREMENT for table `subscribtions`
--
ALTER TABLE `subscribtions`
  MODIFY `id` bigint(20) UNSIGNED NOT NULL AUTO_INCREMENT, AUTO_INCREMENT=6;

--
-- AUTO_INCREMENT for table `users`
--
ALTER TABLE `users`
  MODIFY `id` bigint(20) UNSIGNED NOT NULL AUTO_INCREMENT, AUTO_INCREMENT=2;
COMMIT;

/*!40101 SET CHARACTER_SET_CLIENT=@OLD_CHARACTER_SET_CLIENT */;
/*!40101 SET CHARACTER_SET_RESULTS=@OLD_CHARACTER_SET_RESULTS */;
/*!40101 SET COLLATION_CONNECTION=@OLD_COLLATION_CONNECTION */;
